vm.quantity,vm.mips,vm.pes,vm.ram,vm.bw,vm.size,vm.priority,vm.schedulingInterval,host.quantity,host.ram,host.ramspeed,host.bw,host.sto,host.mips,host.pes,sto.capacity,sto.maxTransferRate,sto.latency,work.volume,work.numTraces,net.bandwidth,net.latency,net.switches,sto.type,work.name,expected_energy,expected_time
512.0,250.0,1.0,128.0,100000.0,2500.0,1.0,300.0,181.0,16384.0,1600.0,2000000.0,1000000.0,9353.0,16.0,1000000.0,350.0,5.0,10.0,10.0,347993.0,10.0,0.0,hdd,mix_vm,6.049046293589573,2770.0152579644587
512.0,250.0,1.0,128.0,100000.0,2500.0,1.0,300.0,172.0,16384.0,1600.0,2000000.0,1000000.0,8599.0,16.0,1000000.0,350.0,5.0,10.0,10.0,339092.0,10.0,0.0,hdd,mix_vm,5.757775312718617,2770.097709236327
512.0,250.0,1.0,128.0,100000.0,2500.0,1.0,300.0,257.0,16384.0,1600.0,2000000.0,1000000.0,10000.0,16.0,1000000.0,350.0,5.0,10.0,10.0,200818.0,10.0,0.0,hdd,mix_vm,8.586800277619071,2770.2281999612796
512.0,250.0,1.0,128.0,100000.0,2500.0,1.0,300.0,0.0,16384.0,1600.0,2000000.0,1000000.0,0.0,16.0,1000000.0,0.0,5.0,10.0,10.0,1000000.0,10.0,0.0,hdd,mix_vm,3.4071860494859765,2770.032089699512
512.0,250.0,1.0,128.0,100000.0,2500.0,1.0,300.0,205.0,16384.0,1600.0,2000000.0,1000000.0,9995.0,16.0,1000000.0,350.0,5.0,10.0,10.0,1000000.0,10.0,0.0,hdd,mix_vm,6.848437209694243,2769.860089149922
512.0,250.0,1.0,128.0,100000.0,2500.0,1.0,300.0,415.0,16384.0,1600.0,2000000.0,1000000.0,10000.0,16.0,1000000.0,350.0,5.0,10.0,10.0,217076.0,10.0,0.0,hdd,mix_vm,13.869515484946222,2769.5464503223193
512.0,250.0,1.0,128.0,100000.0,2500.0,1.0,300.0,136.0,16384.0,1600.0,2000000.0,1000000.0,9416.0,16.0,1000000.0,350.0,5.0,10.0,10.0,408021.0,10.0,0.0,hdd,mix_vm,4.567078957027408,2770.3172699589954
512.0,250.0,1.0,128.0,100000.0,2500.0,1.0,300.0,257.0,16384.0,1600.0,2000000.0,1000000.0,9599.0,16.0,1000000.0,350.0,5.0,10.0,10.0,200818.0,10.0,0.0,hdd,mix_vm,8.585057126735434,2770.0975118123056
512.0,250.0,1.0,128.0,100000.0,2500.0,1.0,300.0,146.0,16384.0,1600.0,2000000.0,1000000.0,8844.0,16.0,1000000.0,350.0,5.0,10.0,10.0,1000000.0,10.0,0.0,hdd,mix_vm,4.899156532220575,2770.7119043465736
2048.0,250.0,1.0,128.0,100000.0,2500.0,1.0,300.0,450.0,4000.0,1600.0,2000000.0,1000000.0,919.0,2.0,1000000.0,100.0,5.0,10.0,10.0,500000.0,10.0,0.0,hdd,mix_vm,22.409186989698945,2770.1542482515615
512.0,250.0,1.0,128.0,100000.0,2500.0,1.0,300.0,128.0,16384.0,1600.0,2000000.0,1000000.0,9911.0,16.0,1000000.0,350.0,5.0,10.0,10.0,408021.0,10.0,0.0,hdd,mix_vm,4.287733363340405,2770.2677478875826
2048.0,250.0,1.0,128.0,100000.0,2500.0,1.0,300.0,458.0,4000.0,1600.0,2000000.0,1000000.0,929.0,2.0,1000000.0,100.0,5.0,10.0,10.0,500000.0,10.0,0.0,hdd,mix_vm,22.624693857152803,2770.128193374286
512.0,250.0,1.0,128.0,100000.0,2500.0,1.0,300.0,257.0,16384.0,1600.0,2000000.0,1000000.0,9998.0,16.0,1000000.0,350.0,5.0,10.0,10.0,200818.0,10.0,0.0,hdd,mix_vm,8.588359075241883,2770.2287951201206
2048.0,250.0,1.0,128.0,100000.0,2500.0,1.0,300.0,450.0,4000.0,1600.0,2000000.0,1000000.0,924.0,2.0,1000000.0,100.0,5.0,10.0,10.0,500000.0,10.0,0.0,hdd,mix_vm,22.391432279830585,2770.1542482515615
512.0,250.0,1.0,128.0,100000.0,2500.0,1.0,300.0,0.0,16384.0,1600.0,2000000.0,1000000.0,0.0,16.0,1000000.0,0.0,5.0,10.0,10.0,747894.0,10.0,0.0,hdd,mix_vm,3.3891069197946857,2770.0887607648
512.0,250.0,1.0,128.0,100000.0,2500.0,1.0,300.0,0.0,16384.0,1600.0,2000000.0,1000000.0,0.0,16.0,1000000.0,0.0,5.0,10.0,10.0,747894.0,10.0,0.0,hdd,mix_vm,3.3891069197946857,2770.0887607648
2048.0,250.0,1.0,128.0,100000.0,2500.0,1.0,300.0,468.0,4000.0,1600.0,2000000.0,1000000.0,949.0,2.0,1000000.0,100.0,5.0,10.0,10.0,500000.0,10.0,0.0,hdd,mix_vm,22.745049388320574,2770.0582781576386
512.0,250.0,1.0,128.0,100000.0,2500.0,1.0,300.0,257.0,16384.0,1600.0,2000000.0,1000000.0,9938.0,16.0,1000000.0,350.0,5.0,10.0,10.0,200818.0,10.0,0.0,hdd,mix_vm,8.594984156089595,2769.942103011965
512.0,250.0,1.0,128.0,100000.0,2500.0,1.0,300.0,459.0,16384.0,1600.0,2000000.0,1000000.0,9950.0,16.0,1000000.0,350.0,5.0,10.0,10.0,936139.0,10.0,0.0,hdd,mix_vm,15.313532391954299,2770.2627253054525
512.0,250.0,1.0,128.0,100000.0,2500.0,1.0,300.0,0.0,16384.0,1600.0,2000000.0,1000000.0,0.0,16.0,1000000.0,0.0,5.0,10.0,10.0,985277.0,17.0,0.0,hdd,mix_vm,3.516962336592176,2819.2498870680097
512.0,250.0,1.0,128.0,100000.0,2500.0,1.0,300.0,172.0,16384.0,1600.0,2000000.0,1000000.0,8930.0,16.0,1000000.0,350.0,5.0,10.0,10.0,339092.0,10.0,0.0,hdd,mix_vm,5.757236293966479,2770.00427629354
512.0,250.0,1.0,128.0,100000.0,2500.0,1.0,300.0,153.0,16384.0,1600.0,2000000.0,1000000.0,8936.0,16.0,1000000.0,350.0,5.0,10.0,10.0,1000000.0,10.0,0.0,hdd,mix_vm,5.119110981999271,2769.8605976344393
512.0,250.0,1.0,128.0,100000.0,2500.0,1.0,300.0,170.0,16384.0,1600.0,2000000.0,1000000.0,9283.0,16.0,1000000.0,350.0,5.0,10.0,10.0,472425.0,10.0,0.0,hdd,mix_vm,5.683986339953349,2774.2886183834944
512.0,250.0,1.0,128.0,100000.0,2500.0,1.0,300.0,126.0,16384.0,1600.0,2000000.0,1000000.0,9589.0,16.0,1000000.0,350.0,5.0,10.0,10.0,985277.0,10.0,0.0,hdd,mix_vm,4.21360831439956,2770.6889777901793
512.0,250.0,1.0,128.0,100000.0,2500.0,1.0,300.0,128.0,16384.0,1600.0,2000000.0,1000000.0,9232.0,16.0,1000000.0,350.0,5.0,10.0,10.0,472425.0,10.0,0.0,hdd,mix_vm,4.2851993996560935,2770.2786071432997
512.0,250.0,1.0,128.0,100000.0,2500.0,1.0,300.0,132.0,16384.0,1600.0,2000000.0,1000000.0,8855.0,16.0,1000000.0,350.0,5.0,10.0,10.0,408021.0,10.0,0.0,hdd,mix_vm,4.423836731123072,2770.2214148425182
2048.0,250.0,1.0,128.0,100000.0,2500.0,1.0,300.0,410.0,4000.0,1600.0,2000000.0,1000000.0,799.0,2.0,1000000.0,100.0,5.0,10.0,10.0,500000.0,10.0,0.0,hdd,mix_vm,22.213583810136733,2770.0794472756234
512.0,250.0,1.0,128.0,100000.0,2500.0,1.0,300.0,0.0,16384.0,1600.0,2000000.0,1000000.0,0.0,16.0,1000000.0,0.0,5.0,10.0,10.0,181087.0,10.0,0.0,hdd,mix_vm,3.6482527007236762,2769.975737691776
2048.0,250.0,1.0,128.0,100000.0,2500.0,1.0,300.0,508.0,4000.0,1600.0,2000000.0,1000000.0,991.0,2.0,1000000.0,100.0,5.0,10.0,10.0,500000.0,10.0,0.0,hdd,mix_vm,23.84619013887075,2770.1045428910766
512.0,250.0,1.0,128.0,100000.0,2500.0,1.0,300.0,172.0,16384.0,1600.0,2000000.0,1000000.0,8960.0,16.0,1000000.0,350.0,5.0,10.0,10.0,339092.0,10.0,0.0,hdd,mix_vm,5.757236293966479,2770.2894729056698
2048.0,250.0,1.0,128.0,100000.0,2500.0,1.0,300.0,410.0,4000.0,1600.0,2000000.0,1000000.0,799.0,2.0,1000000.0,100.0,5.0,10.0,10.0,500000.0,40.0,0.0,hdd,mix_vm,22.21140112803549,2979.277448000261
512.0,250.0,1.0,128.0,100000.0,2500.0,1.0,300.0,257.0,16384.0,1600.0,2000000.0,1000000.0,9967.0,16.0,1000000.0,350.0,5.0,10.0,10.0,200818.0,10.0,0.0,hdd,mix_vm,8.585146679268973,2769.942103011965
512.0,250.0,1.0,128.0,100000.0,2500.0,1.0,300.0,203.0,16384.0,1600.0,2000000.0,1000000.0,9716.0,16.0,1000000.0,350.0,5.0,10.0,10.0,347993.0,10.0,0.0,hdd,mix_vm,6.788692940712536,2773.241852534486
512.0,250.0,1.0,128.0,100000.0,2500.0,1.0,300.0,374.0,16384.0,1600.0,2000000.0,1000000.0,10000.0,16.0,1000000.0,350.0,5.0,10.0,10.0,810098.0,22.0,0.0,hdd,mix_vm,12.482038922146721,2855.019708510522
512.0,250.0,1.0,128.0,100000.0,2500.0,1.0,300.0,180.0,16384.0,1600.0,2000000.0,1000000.0,9704.0,16.0,1000000.0,350.0,5.0,10.0,10.0,937717.0,58.0,0.0,hdd,mix_vm,5.250971226118193,2813.1406207345667
2048.0,250.0,1.0,128.0,100000.0,2500.0,1.0,300.0,427.0,4000.0,1600.0,2000000.0,1000000.0,852.0,2.0,1000000.0,100.0,5.0,10.0,10.0,500000.0,10.0,0.0,hdd,mix_vm,22.334491331185085,2770.0639902409976
512.0,250.0,1.0,128.0,100000.0,2500.0,1.0,300.0,172.0,16384.0,1600.0,2000000.0,1000000.0,8951.0,16.0,1000000.0,350.0,5.0,10.0,10.0,336752.0,10.0,0.0,hdd,mix_vm,5.754848418792396,2769.9316829443646
512.0,250.0,1.0,128.0,100000.0,2500.0,1.0,300.0,128.0,16384.0,1600.0,2000000.0,1000000.0,9216.0,16.0,1000000.0,350.0,5.0,10.0,10.0,425895.0,10.0,0.0,hdd,mix_vm,4.289558143169329,2769.9262009845183
512.0,250.0,1.0,128.0,100000.0,2500.0,1.0,300.0,128.0,16384.0,1600.0,2000000.0,1000000.0,9143.0,16.0,1000000.0,350.0,5.0,10.0,10.0,404966.0,10.0,0.0,hdd,mix_vm,4.286141601052933,2770.724783190703
512.0,250.0,1.0,128.0,100000.0,2500.0,1.0,300.0,128.0,16384.0,1600.0,2000000.0,1000000.0,8803.0,16.0,1000000.0,350.0,5.0,10.0,10.0,433340.0,10.0,0.0,hdd,mix_vm,4.290425267668134,2770.0591047276857
512.0,250.0,1.0,128.0,100000.0,2500.0,1.0,300.0,258.0,16384.0,1600.0,2000000.0,1000000.0,9985.0,16.0,1000000.0,350.0,5.0,10.0,10.0,200818.0,10.0,0.0,hdd,mix_vm,8.618813681362928,2770.1505991342783
512.0,250.0,1.0,128.0,100000.0,2500.0,1.0,300.0,0.0,16384.0,1600.0,2000000.0,1000000.0,0.0,16.0,1000000.0,0.0,5.0,10.0,10.0,747894.0,10.0,0.0,hdd,mix_vm,3.3891069197946857,2770.0887607648
512.0,250.0,1.0,128.0,100000.0,2500.0,1.0,300.0,128.0,16384.0,1600.0,2000000.0,1000000.0,9916.0,16.0,1000000.0,350.0,5.0,10.0,10.0,408021.0,10.0,0.0,hdd,mix_vm,4.299096804707758,2770.033203791377
512.0,250.0,1.0,128.0,100000.0,2500.0,1.0,300.0,0.0,16384.0,1600.0,2000000.0,1000000.0,0.0,16.0,1000000.0,0.0,5.0,10.0,10.0,747894.0,10.0,0.0,hdd,mix_vm,3.3891069197946857,2770.0887607648
2048.0,250.0,1.0,128.0,100000.0,2500.0,1.0,300.0,410.0,4000.0,1600.0,2000000.0,1000000.0,853.0,2.0,1000000.0,100.0,5.0,10.0,10.0,500000.0,10.0,0.0,hdd,mix_vm,21.68114116106319,2770.0794472756234
512.0,250.0,1.0,128.0,100000.0,2500.0,1.0,300.0,0.0,16384.0,1600.0,2000000.0,1000000.0,0.0,16.0,1000000.0,0.0,5.0,10.0,10.0,303790.0,10.0,0.0,hdd,mix_vm,3.5524367048118646,2770.065317284657
512.0,250.0,1.0,128.0,100000.0,2500.0,1.0,300.0,128.0,16384.0,1600.0,2000000.0,1000000.0,9449.0,16.0,1000000.0,350.0,5.0,10.0,10.0,408021.0,20.0,0.0,hdd,mix_vm,4.282693827884689,2839.2924039360064
512.0,250.0,1.0,128.0,100000.0,2500.0,1.0,300.0,374.0,16384.0,1600.0,2000000.0,1000000.0,9977.0,16.0,1000000.0,350.0,5.0,10.0,10.0,1000000.0,10.0,0.0,hdd,mix_vm,12.493612352118252,2770.8067664606574
2048.0,250.0,1.0,128.0,100000.0,2500.0,1.0,300.0,410.0,4000.0,1600.0,2000000.0,1000000.0,821.0,2.0,1000000.0,100.0,5.0,10.0,10.0,500000.0,10.0,0.0,hdd,mix_vm,21.97156747134418,2770.0794472756234
512.0,250.0,1.0,128.0,100000.0,2500.0,1.0,300.0,0.0,16384.0,1600.0,2000000.0,1000000.0,0.0,16.0,1000000.0,0.0,5.0,10.0,10.0,937717.0,58.0,0.0,hdd,mix_vm,3.054065541156493,2807.676345794883
512.0,250.0,1.0,128.0,100000.0,2500.0,1.0,300.0,0.0,16384.0,1600.0,2000000.0,1000000.0,0.0,16.0,1000000.0,0.0,5.0,10.0,10.0,747894.0,10.0,0.0,hdd,mix_vm,3.3891069197946857,2770.0887607648
512.0,250.0,1.0,128.0,100000.0,2500.0,1.0,300.0,0.0,16384.0,1600.0,2000000.0,1000000.0,0.0,16.0,1000000.0,0.0,5.0,10.0,10.0,1000000.0,10.0,0.0,hdd,mix_vm,3.4071860494859765,2770.032089699512
512.0,250.0,1.0,128.0,100000.0,2500.0,1.0,300.0,128.0,16384.0,1600.0,2000000.0,1000000.0,9911.0,16.0,1000000.0,350.0,5.0,10.0,10.0,408021.0,37.0,0.0,hdd,mix_vm,4.285261442930727,2959.189925927538
512.0,250.0,1.0,128.0,100000.0,2500.0,1.0,300.0,128.0,16384.0,1600.0,2000000.0,1000000.0,9220.0,16.0,1000000.0,350.0,5.0,10.0,10.0,433340.0,10.0,0.0,hdd,mix_vm,4.289431095888788,2769.9262009845183
512.0,250.0,1.0,128.0,100000.0,2500.0,1.0,300.0,0.0,16384.0,1600.0,2000000.0,1000000.0,0.0,16.0,1000000.0,0.0,5.0,10.0,10.0,1000000.0,10.0,0.0,hdd,mix_vm,3.4071860494859765,2770.032089699512
512.0,250.0,1.0,128.0,100000.0,2500.0,1.0,300.0,234.0,16384.0,1600.0,2000000.0,1000000.0,9296.0,16.0,1000000.0,350.0,5.0,10.0,10.0,684065.0,10.0,0.0,hdd,mix_vm,7.8384733440808425,2769.687186796102
512.0,250.0,1.0,128.0,100000.0,2500.0,1.0,300.0,136.0,16384.0,1600.0,2000000.0,1000000.0,9232.0,16.0,1000000.0,350.0,5.0,10.0,10.0,433340.0,10.0,0.0,hdd,mix_vm,4.556244196067118,2769.6020634358924
512.0,250.0,1.0,128.0,100000.0,2500.0,1.0,300.0,0.0,16384.0,1600.0,2000000.0,1000000.0,0.0,16.0,1000000.0,0.0,5.0,10.0,10.0,1000000.0,10.0,0.0,hdd,mix_vm,3.4071860494859765,2770.032089699512
512.0,250.0,1.0,128.0,100000.0,2500.0,1.0,300.0,230.0,16384.0,1600.0,2000000.0,1000000.0,8776.0,16.0,1000000.0,350.0,5.0,10.0,10.0,1000000.0,10.0,0.0,hdd,mix_vm,7.650692343556252,2770.101879959893
512.0,250.0,1.0,128.0,100000.0,2500.0,1.0,300.0,128.0,16384.0,1600.0,2000000.0,1000000.0,9232.0,16.0,1000000.0,350.0,5.0,10.0,10.0,433340.0,46.0,0.0,hdd,mix_vm,4.288645523904702,3021.8162523716214
512.0,250.0,1.0,128.0,100000.0,2500.0,1.0,300.0,268.0,16384.0,1600.0,2000000.0,1000000.0,9850.0,16.0,1000000.0,350.0,5.0,10.0,10.0,251236.0,10.0,0.0,hdd,mix_vm,8.917626918635984,2769.817631553078
512.0,250.0,1.0,128.0,100000.0,2500.0,1.0,300.0,0.0,16384.0,1600.0,2000000.0,1000000.0,0.0,16.0,1000000.0,0.0,5.0,10.0,10.0,747894.0,10.0,0.0,hdd,mix_vm,3.3891069197946857,2770.0887607648
512.0,250.0,1.0,128.0,100000.0,2500.0,1.0,300.0,0.0,16384.0,1600.0,2000000.0,1000000.0,0.0,16.0,1000000.0,0.0,5.0,10.0,10.0,1000000.0,10.0,0.0,hdd,mix_vm,3.4071860494859765,2770.032089699512
512.0,250.0,1.0,128.0,100000.0,2500.0,1.0,300.0,257.0,16384.0,1600.0,2000000.0,1000000.0,9307.0,16.0,1000000.0,350.0,5.0,10.0,10.0,200818.0,10.0,0.0,hdd,mix_vm,8.60347732914985,2769.913527186957
512.0,250.0,1.0,128.0,100000.0,2500.0,1.0,300.0,168.0,16384.0,1600.0,2000000.0,1000000.0,9285.0,16.0,1000000.0,350.0,5.0,10.0,10.0,937717.0,58.0,0.0,hdd,mix_vm,4.9387852229891305,2808.8425946566194
512.0,250.0,1.0,128.0,100000.0,2500.0,1.0,300.0,136.0,16384.0,1600.0,2000000.0,1000000.0,9232.0,16.0,1000000.0,350.0,5.0,10.0,10.0,472425.0,10.0,0.0,hdd,mix_vm,4.5472029842651525,2769.5626598469335
512.0,250.0,1.0,128.0,100000.0,2500.0,1.0,300.0,130.0,16384.0,1600.0,2000000.0,1000000.0,8893.0,16.0,1000000.0,350.0,5.0,10.0,10.0,472425.0,10.0,0.0,hdd,mix_vm,4.352115118376899,2770.0164598218184
512.0,250.0,1.0,128.0,100000.0,2500.0,1.0,300.0,130.0,16384.0,1600.0,2000000.0,1000000.0,9248.0,16.0,1000000.0,350.0,5.0,10.0,10.0,472425.0,10.0,0.0,hdd,mix_vm,4.356760564876199,2770.634023361613
512.0,250.0,1.0,128.0,100000.0,2500.0,1.0,300.0,0.0,16384.0,1600.0,2000000.0,1000000.0,0.0,16.0,1000000.0,0.0,5.0,10.0,10.0,985277.0,10.0,0.0,hdd,mix_vm,3.4796146068542004,2770.218936391808
512.0,250.0,1.0,128.0,100000.0,2500.0,1.0,300.0,0.0,16384.0,1600.0,2000000.0,1000000.0,0.0,16.0,1000000.0,0.0,5.0,10.0,10.0,415016.0,10.0,0.0,hdd,mix_vm,3.331859044359697,2769.9543870836146
512.0,250.0,1.0,128.0,100000.0,2500.0,1.0,300.0,130.0,16384.0,1600.0,2000000.0,1000000.0,9832.0,16.0,1000000.0,350.0,5.0,10.0,10.0,408021.0,10.0,0.0,hdd,mix_vm,4.353523433459123,2770.021361150232
512.0,250.0,1.0,128.0,100000.0,2500.0,1.0,300.0,128.0,16384.0,1600.0,2000000.0,1000000.0,9911.0,16.0,1000000.0,350.0,5.0,10.0,10.0,408021.0,10.0,0.0,hdd,mix_vm,4.287733363340405,2770.2677478875826
512.0,250.0,1.0,128.0,100000.0,2500.0,1.0,300.0,128.0,16384.0,1600.0,2000000.0,1000000.0,8860.0,16.0,1000000.0,350.0,5.0,10.0,10.0,472425.0,10.0,0.0,hdd,mix_vm,4.2891733108688035,2769.9780220534662
512.0,250.0,1.0,128.0,100000.0,2500.0,1.0,300.0,133.0,16384.0,1600.0,2000000.0,1000000.0,10000.0,16.0,1000000.0,350.0,5.0,10.0,10.0,408021.0,10.0,0.0,hdd,mix_vm,4.453232548847445,2768.2190729361946
512.0,250.0,1.0,128.0,100000.0,2500.0,1.0,300.0,0.0,16384.0,1600.0,2000000.0,1000000.0,0.0,16.0,1000000.0,0.0,5.0,10.0,10.0,1000000.0,27.0,0.0,hdd,mix_vm,3.4800836907020236,2887.071372465703
512.0,250.0,1.0,128.0,100000.0,2500.0,1.0,300.0,0.0,16384.0,1600.0,2000000.0,1000000.0,0.0,16.0,1000000.0,0.0,5.0,10.0,10.0,985277.0,10.0,0.0,hdd,mix_vm,3.4796146068542004,2770.218936391808
512.0,250.0,1.0,128.0,100000.0,2500.0,1.0,300.0,0.0,16384.0,1600.0,2000000.0,1000000.0,0.0,16.0,1000000.0,0.0,5.0,10.0,10.0,937717.0,58.0,0.0,hdd,mix_vm,3.054065541156493,2807.676345794883
512.0,250.0,1.0,128.0,100000.0,2500.0,1.0,300.0,128.0,16384.0,1600.0,2000000.0,1000000.0,9911.0,16.0,1000000.0,350.0,5.0,10.0,10.0,408021.0,33.0,0.0,hdd,mix_vm,4.278626118146201,2930.703605994057
512.0,250.0,1.0,128.0,100000.0,2500.0,1.0,300.0,161.0,16384.0,1600.0,2000000.0,1000000.0,8745.0,16.0,1000000.0,350.0,5.0,10.0,10.0,747894.0,10.0,0.0,hdd,mix_vm,5.379587791644194,2769.1280973473586
512.0,250.0,1.0,128.0,100000.0,2500.0,1.0,300.0,193.0,16384.0,1600.0,2000000.0,1000000.0,9551.0,16.0,1000000.0,350.0,5.0,10.0,10.0,747894.0,11.0,0.0,hdd,mix_vm,6.458247216558254,2778.04297917745
512.0,250.0,1.0,128.0,100000.0,2500.0,1.0,300.0,234.0,16384.0,1600.0,2000000.0,1000000.0,7944.0,16.0,1000000.0,350.0,5.0,10.0,10.0,1000000.0,10.0,0.0,hdd,mix_vm,7.781332394421815,2770.9646493329305
512.0,250.0,1.0,128.0,100000.0,2500.0,1.0,300.0,420.0,16384.0,1600.0,2000000.0,1000000.0,9716.0,16.0,1000000.0,350.0,5.0,10.0,10.0,1000000.0,10.0,0.0,hdd,mix_vm,14.024089029702461,2770.055249591093
512.0,250.0,1.0,128.0,100000.0,2500.0,1.0,300.0,228.0,16384.0,1600.0,2000000.0,1000000.0,8736.0,16.0,1000000.0,350.0,5.0,10.0,10.0,302717.0,10.0,0.0,hdd,mix_vm,7.667015191562232,2770.2760365518902
512.0,250.0,1.0,128.0,100000.0,2500.0,1.0,300.0,257.0,16384.0,1600.0,2000000.0,1000000.0,9982.0,16.0,1000000.0,350.0,5.0,10.0,10.0,200818.0,10.0,0.0,hdd,mix_vm,8.593015905355674,2769.7984225710393
512.0,250.0,1.0,128.0,100000.0,2500.0,1.0,300.0,327.0,16384.0,1600.0,2000000.0,1000000.0,9716.0,16.0,1000000.0,350.0,5.0,10.0,10.0,810098.0,10.0,0.0,hdd,mix_vm,10.968854729479322,2770.4396902760077
512.0,250.0,1.0,128.0,100000.0,2500.0,1.0,300.0,172.0,16384.0,1600.0,2000000.0,1000000.0,8960.0,16.0,1000000.0,350.0,5.0,10.0,10.0,347993.0,10.0,0.0,hdd,mix_vm,5.757641800415246,2770.1795631815253
512.0,250.0,1.0,128.0,100000.0,2500.0,1.0,300.0,257.0,16384.0,1600.0,2000000.0,1000000.0,9629.0,16.0,1000000.0,350.0,5.0,10.0,10.0,200818.0,10.0,0.0,hdd,mix_vm,8.5903116013259,2769.9480679195863
2048.0,250.0,1.0,128.0,100000.0,2500.0,1.0,300.0,410.0,4000.0,1600.0,2000000.0,1000000.0,785.0,2.0,1000000.0,100.0,5.0,10.0,10.0,500000.0,10.0,0.0,hdd,mix_vm,22.355701460424307,2770.0794472756234
512.0,250.0,1.0,128.0,100000.0,2500.0,1.0,300.0,128.0,16384.0,1600.0,2000000.0,1000000.0,9911.0,16.0,1000000.0,350.0,5.0,10.0,10.0,408021.0,10.0,0.0,hdd,mix_vm,4.287733363340405,2770.2677478875826
512.0,250.0,1.0,128.0,100000.0,2500.0,1.0,300.0,163.0,16384.0,1600.0,2000000.0,1000000.0,9930.0,16.0,1000000.0,350.0,5.0,10.0,10.0,1000000.0,10.0,0.0,hdd,mix_vm,5.491874030251178,2770.842421005888
512.0,250.0,1.0,128.0,100000.0,2500.0,1.0,300.0,266.0,16384.0,1600.0,2000000.0,1000000.0,9644.0,16.0,1000000.0,350.0,5.0,10.0,10.0,200818.0,10.0,0.0,hdd,mix_vm,8.884656840696467,2770.321081401438
512.0,250.0,1.0,128.0,100000.0,2500.0,1.0,300.0,172.0,16384.0,1600.0,2000000.0,1000000.0,8938.0,16.0,1000000.0,350.0,5.0,10.0,10.0,338653.0,10.0,0.0,hdd,mix_vm,5.758001236504557,2770.0151883150847
512.0,250.0,1.0,128.0,100000.0,2500.0,1.0,300.0,172.0,16384.0,1600.0,2000000.0,1000000.0,8960.0,16.0,1000000.0,350.0,5.0,10.0,10.0,347993.0,10.0,0.0,hdd,mix_vm,5.757641800415246,2770.1795631815253
512.0,250.0,1.0,128.0,100000.0,2500.0,1.0,300.0,0.0,16384.0,1600.0,2000000.0,1000000.0,0.0,16.0,1000000.0,0.0,5.0,10.0,10.0,985277.0,44.0,0.0,hdd,mix_vm,3.487552398982103,3006.610933832037
512.0,250.0,1.0,128.0,100000.0,2500.0,1.0,300.0,0.0,16384.0,1600.0,2000000.0,1000000.0,0.0,16.0,1000000.0,0.0,5.0,10.0,10.0,747894.0,10.0,0.0,hdd,mix_vm,3.3891069197946857,2770.0887607648
512.0,250.0,1.0,128.0,100000.0,2500.0,1.0,300.0,0.0,16384.0,1600.0,2000000.0,1000000.0,0.0,16.0,1000000.0,0.0,5.0,10.0,10.0,747894.0,46.0,0.0,hdd,mix_vm,3.3755737522931386,3022.5948892206648
512.0,250.0,1.0,128.0,100000.0,2500.0,1.0,300.0,172.0,16384.0,1600.0,2000000.0,1000000.0,8942.0,16.0,1000000.0,350.0,5.0,10.0,10.0,347993.0,10.0,0.0,hdd,mix_vm,5.757641800415246,2769.887697914359
512.0,250.0,1.0,128.0,100000.0,2500.0,1.0,300.0,128.0,16384.0,1600.0,2000000.0,1000000.0,9601.0,16.0,1000000.0,350.0,5.0,10.0,10.0,408021.0,10.0,0.0,hdd,mix_vm,4.284056333922715,2769.9865875548735
512.0,250.0,1.0,128.0,100000.0,2500.0,1.0,300.0,415.0,16384.0,1600.0,2000000.0,1000000.0,9980.0,16.0,1000000.0,350.0,5.0,10.0,10.0,1000000.0,10.0,0.0,hdd,mix_vm,13.861314895199806,2772.118904143709
512.0,250.0,1.0,128.0,100000.0,2500.0,1.0,300.0,136.0,16384.0,1600.0,2000000.0,1000000.0,8423.0,16.0,1000000.0,350.0,5.0,10.0,10.0,433340.0,10.0,0.0,hdd,mix_vm,4.573825827709024,2770.3288816474774
512.0,250.0,1.0,128.0,100000.0,2500.0,1.0,300.0,257.0,16384.0,1600.0,2000000.0,1000000.0,9590.0,16.0,1000000.0,350.0,5.0,10.0,10.0,200818.0,10.0,0.0,hdd,mix_vm,8.591023274997017,2770.158286186246
512.0,250.0,1.0,128.0,100000.0,2500.0,1.0,300.0,278.0,16384.0,1600.0,2000000.0,1000000.0,9516.0,16.0,1000000.0,350.0,5.0,10.0,10.0,1000000.0,10.0,0.0,hdd,mix_vm,9.223730460647866,2769.7836871660224
512.0,250.0,1.0,128.0,100000.0,2500.0,1.0,300.0,128.0,16384.0,1600.0,2000000.0,1000000.0,9886.0,16.0,1000000.0,350.0,5.0,10.0,10.0,408021.0,10.0,0.0,hdd,mix_vm,4.28807287911895,2769.9304977969327
512.0,250.0,1.0,128.0,100000.0,2500.0,1.0,300.0,410.0,16384.0,1600.0,2000000.0,1000000.0,9971.0,16.0,1000000.0,350.0,5.0,10.0,10.0,1000000.0,10.0,0.0,hdd,mix_vm,13.692805211243758,2769.592418623017
512.0,250.0,1.0,128.0,100000.0,2500.0,1.0,300.0,370.0,16384.0,1600.0,2000000.0,1000000.0,9906.0,16.0,1000000.0,350.0,5.0,10.0,10.0,408021.0,10.0,0.0,hdd,mix_vm,12.209721271569931,2770.2428919592558
512.0,250.0,1.0,128.0,100000.0,2500.0,1.0,300.0,0.0,16384.0,1600.0,2000000.0,1000000.0,0.0,16.0,1000000.0,0.0,5.0,10.0,10.0,747894.0,10.0,0.0,hdd,mix_vm,3.3891069197946857,2770.0887607648
512.0,250.0,1.0,128.0,100000.0,2500.0,1.0,300.0,0.0,16384.0,1600.0,2000000.0,1000000.0,0.0,16.0,1000000.0,0.0,5.0,10.0,10.0,1000000.0,10.0,0.0,hdd,mix_vm,3.4071860494859765,2770.032089699512
512.0,250.0,1.0,128.0,100000.0,2500.0,1.0,300.0,223.0,16384.0,1600.0,2000000.0,1000000.0,8747.0,16.0,1000000.0,350.0,5.0,10.0,10.0,985277.0,10.0,0.0,hdd,mix_vm,7.438414906418721,2769.9897790933937
512.0,250.0,1.0,128.0,100000.0,2500.0,1.0,300.0,128.0,16384.0,1600.0,2000000.0,1000000.0,9163.0,16.0,1000000.0,350.0,5.0,10.0,10.0,404966.0,10.0,0.0,hdd,mix_vm,4.285998672295543,2771.0665110534533
512.0,250.0,1.0,128.0,100000.0,2500.0,1.0,300.0,254.0,16384.0,1600.0,2000000.0,1000000.0,9600.0,16.0,1000000.0,350.0,5.0,10.0,10.0,937717.0,58.0,0.0,hdd,mix_vm,7.46012361993354,2799.6500997499625
512.0,250.0,1.0,128.0,100000.0,2500.0,1.0,300.0,172.0,16384.0,1600.0,2000000.0,1000000.0,8960.0,16.0,1000000.0,350.0,5.0,10.0,10.0,338653.0,10.0,0.0,hdd,mix_vm,5.758001236504557,2770.3003849272145
512.0,250.0,1.0,128.0,100000.0,2500.0,1.0,300.0,176.0,16384.0,1600.0,2000000.0,1000000.0,9263.0,16.0,1000000.0,350.0,5.0,10.0,10.0,661677.0,10.0,0.0,hdd,mix_vm,5.8634076495740635,2770.070514555238
512.0,250.0,1.0,128.0,100000.0,2500.0,1.0,300.0,0.0,16384.0,1600.0,2000000.0,1000000.0,0.0,16.0,1000000.0,0.0,5.0,10.0,10.0,747894.0,10.0,0.0,hdd,mix_vm,3.3891069197946857,2770.0887607648
512.0,250.0,1.0,128.0,100000.0,2500.0,1.0,300.0,407.0,16384.0,1600.0,2000000.0,1000000.0,9976.0,16.0,1000000.0,350.0,5.0,10.0,10.0,472425.0,10.0,0.0,hdd,mix_vm,13.569595636197095,2770.246634190748
512.0,250.0,1.0,128.0,100000.0,2500.0,1.0,300.0,0.0,16384.0,1600.0,2000000.0,1000000.0,0.0,16.0,1000000.0,0.0,5.0,10.0,10.0,747894.0,10.0,0.0,hdd,mix_vm,3.3891069197946857,2770.0887607648
2048.0,250.0,1.0,128.0,100000.0,2500.0,1.0,300.0,410.0,4000.0,1600.0,2000000.0,1000000.0,798.0,2.0,1000000.0,100.0,5.0,10.0,10.0,500000.0,10.0,0.0,hdd,mix_vm,22.213583810136733,2770.0794472756234
512.0,250.0,1.0,128.0,100000.0,2500.0,1.0,300.0,461.0,16384.0,1600.0,2000000.0,1000000.0,10000.0,16.0,1000000.0,350.0,5.0,10.0,10.0,1000000.0,27.0,0.0,hdd,mix_vm,15.442445494970269,2889.6607446365874
512.0,250.0,1.0,128.0,100000.0,2500.0,1.0,300.0,130.0,16384.0,1600.0,2000000.0,1000000.0,9903.0,16.0,1000000.0,350.0,5.0,10.0,10.0,408021.0,10.0,0.0,hdd,mix_vm,4.356517128619412,2770.180710900023
512.0,250.0,1.0,128.0,100000.0,2500.0,1.0,300.0,257.0,16384.0,1600.0,2000000.0,1000000.0,10000.0,16.0,1000000.0,350.0,5.0,10.0,10.0,200818.0,25.0,0.0,hdd,mix_vm,8.606488837720283,2876.4710026355197
2048.0,250.0,1.0,128.0,100000.0,2500.0,1.0,300.0,450.0,4000.0,1600.0,2000000.0,1000000.0,873.0,2.0,1000000.0,100.0,5.0,10.0,10.0,500000.0,10.0,0.0,hdd,mix_vm,22.837071970318824,2770.0606174459267
2048.0,250.0,1.0,128.0,100000.0,2500.0,1.0,300.0,410.0,4000.0,1600.0,2000000.0,1000000.0,784.0,2.0,1000000.0,100.0,5.0,10.0,10.0,500000.0,10.0,0.0,hdd,mix_vm,22.355701460424307,2770.0794472756234
512.0,250.0,1.0,128.0,100000.0,2500.0,1.0,300.0,128.0,16384.0,1600.0,2000000.0,1000000.0,8809.0,16.0,1000000.0,350.0,5.0,10.0,10.0,433340.0,10.0,0.0,hdd,mix_vm,4.290425267668134,2770.0591047276857
512.0,250.0,1.0,128.0,100000.0,2500.0,1.0,300.0,128.0,16384.0,1600.0,2000000.0,1000000.0,9886.0,16.0,1000000.0,350.0,5.0,10.0,10.0,408021.0,10.0,0.0,hdd,mix_vm,4.28807287911895,2769.9304977969327
512.0,250.0,1.0,128.0,100000.0,2500.0,1.0,300.0,128.0,16384.0,1600.0,2000000.0,1000000.0,9232.0,16.0,1000000.0,350.0,5.0,10.0,10.0,433340.0,30.0,0.0,hdd,mix_vm,4.287398181927701,2909.7806480707577
512.0,250.0,1.0,128.0,100000.0,2500.0,1.0,300.0,128.0,16384.0,1600.0,2000000.0,1000000.0,9911.0,16.0,1000000.0,350.0,5.0,10.0,10.0,408021.0,23.0,0.0,hdd,mix_vm,4.282146217622697,2861.3324897881917
512.0,250.0,1.0,128.0,100000.0,2500.0,1.0,300.0,172.0,16384.0,1600.0,2000000.0,1000000.0,8888.0,16.0,1000000.0,350.0,5.0,10.0,10.0,339092.0,10.0,0.0,hdd,mix_vm,5.757255465599628,2770.004380454632
512.0,250.0,1.0,128.0,100000.0,2500.0,1.0,300.0,181.0,16384.0,1600.0,2000000.0,1000000.0,9995.0,16.0,1000000.0,350.0,5.0,10.0,10.0,910051.0,10.0,0.0,hdd,mix_vm,6.05925998079572,2769.6344476757486
512.0,250.0,1.0,128.0,100000.0,2500.0,1.0,300.0,130.0,16384.0,1600.0,2000000.0,1000000.0,9248.0,16.0,1000000.0,350.0,5.0,10.0,10.0,472425.0,10.0,0.0,hdd,mix_vm,4.356760564876199,2770.634023361613
512.0,250.0,1.0,128.0,100000.0,2500.0,1.0,300.0,130.0,16384.0,1600.0,2000000.0,1000000.0,9867.0,16.0,1000000.0,350.0,5.0,10.0,10.0,408021.0,10.0,0.0,hdd,mix_vm,4.3541599329831735,2770.055041240161
512.0,250.0,1.0,128.0,100000.0,2500.0,1.0,300.0,128.0,16384.0,1600.0,2000000.0,1000000.0,8933.0,16.0,1000000.0,350.0,5.0,10.0,10.0,433340.0,10.0,0.0,hdd,mix_vm,4.284681220245164,2770.139333166291
512.0,250.0,1.0,128.0,100000.0,2500.0,1.0,300.0,128.0,16384.0,1600.0,2000000.0,1000000.0,9187.0,16.0,1000000.0,350.0,5.0,10.0,10.0,433340.0,10.0,0.0,hdd,mix_vm,4.288942930971076,2769.9159767587144
512.0,250.0,1.0,128.0,100000.0,2500.0,1.0,300.0,130.0,16384.0,1600.0,2000000.0,1000000.0,9385.0,16.0,1000000.0,350.0,5.0,10.0,10.0,408021.0,10.0,0.0,hdd,mix_vm,4.350486483947467,2770.180470340634
512.0,250.0,1.0,128.0,100000.0,2500.0,1.0,300.0,130.0,16384.0,1600.0,2000000.0,1000000.0,8709.0,16.0,1000000.0,350.0,5.0,10.0,10.0,472425.0,10.0,0.0,hdd,mix_vm,4.353769869072691,2770.1014945038746
512.0,250.0,1.0,128.0,100000.0,2500.0,1.0,300.0,0.0,16384.0,1600.0,2000000.0,1000000.0,0.0,16.0,1000000.0,0.0,5.0,10.0,10.0,747894.0,10.0,0.0,hdd,mix_vm,3.3891069197946857,2770.0887607648
512.0,250.0,1.0,128.0,100000.0,2500.0,1.0,300.0,247.0,16384.0,1600.0,2000000.0,1000000.0,9995.0,16.0,1000000.0,350.0,5.0,10.0,10.0,1000000.0,10.0,0.0,hdd,mix_vm,8.257499599562383,2770.3451096329673
512.0,250.0,1.0,128.0,100000.0,2500.0,1.0,300.0,0.0,16384.0,1600.0,2000000.0,1000000.0,0.0,16.0,1000000.0,0.0,5.0,10.0,10.0,747894.0,10.0,0.0,hdd,mix_vm,3.3891069197946857,2770.0887607648
2048.0,250.0,1.0,128.0,100000.0,2500.0,1.0,300.0,410.0,4000.0,1600.0,2000000.0,1000000.0,812.0,2.0,1000000.0,100.0,5.0,10.0,10.0,500000.0,10.0,0.0,hdd,mix_vm,22.109270168357725,2770.0794472756234
512.0,250.0,1.0,128.0,100000.0,2500.0,1.0,300.0,260.0,16384.0,1600.0,2000000.0,1000000.0,9986.0,16.0,1000000.0,350.0,5.0,10.0,10.0,200818.0,10.0,0.0,hdd,mix_vm,8.686649887051004,2769.975583298573
2048.0,250.0,1.0,128.0,100000.0,2500.0,1.0,300.0,410.0,4000.0,1600.0,2000000.0,1000000.0,818.0,2.0,1000000.0,100.0,5.0,10.0,10.0,500000.0,10.0,0.0,hdd,mix_vm,22.032036893179843,2770.0794472756234
512.0,250.0,1.0,128.0,100000.0,2500.0,1.0,300.0,128.0,16384.0,1600.0,2000000.0,1000000.0,9911.0,16.0,1000000.0,350.0,5.0,10.0,10.0,408021.0,10.0,0.0,hdd,mix_vm,4.287733363340405,2770.2677478875826
512.0,250.0,1.0,128.0,100000.0,2500.0,1.0,300.0,130.0,16384.0,1600.0,2000000.0,1000000.0,8891.0,16.0,1000000.0,350.0,5.0,10.0,10.0,472425.0,10.0,0.0,hdd,mix_vm,4.352115118376899,2770.0164598218184
512.0,250.0,1.0,128.0,100000.0,2500.0,1.0,300.0,337.0,16384.0,1600.0,2000000.0,1000000.0,9944.0,16.0,1000000.0,350.0,5.0,10.0,10.0,985277.0,10.0,0.0,hdd,mix_vm,11.25479381034393,2769.830736536815
512.0,250.0,1.0,128.0,100000.0,2500.0,1.0,300.0,0.0,16384.0,1600.0,2000000.0,1000000.0,0.0,16.0,1000000.0,0.0,5.0,10.0,10.0,747894.0,10.0,0.0,hdd,mix_vm,3.3891069197946857,2770.0887607648
512.0,250.0,1.0,128.0,100000.0,2500.0,1.0,300.0,0.0,16384.0,1600.0,2000000.0,1000000.0,0.0,16.0,1000000.0,0.0,5.0,10.0,10.0,412190.0,10.0,0.0,hdd,mix_vm,3.331859044359697,2769.9543870836146
512.0,250.0,1.0,128.0,100000.0,2500.0,1.0,300.0,512.0,16384.0,1600.0,2000000.0,1000000.0,10000.0,16.0,1000000.0,350.0,5.0,10.0,10.0,472425.0,10.0,0.0,hdd,mix_vm,17.105964820095963,2769.906878661729
512.0,250.0,1.0,128.0,100000.0,2500.0,1.0,300.0,128.0,16384.0,1600.0,2000000.0,1000000.0,9601.0,16.0,1000000.0,350.0,5.0,10.0,10.0,408021.0,10.0,0.0,hdd,mix_vm,4.284056333922715,2769.9865875548735
512.0,250.0,1.0,128.0,100000.0,2500.0,1.0,300.0,128.0,16384.0,1600.0,2000000.0,1000000.0,9232.0,16.0,1000000.0,350.0,5.0,10.0,10.0,433340.0,10.0,0.0,hdd,mix_vm,4.289866343584632,2770.334205895928
512.0,250.0,1.0,128.0,100000.0,2500.0,1.0,300.0,471.0,16384.0,1600.0,2000000.0,1000000.0,10000.0,16.0,1000000.0,350.0,5.0,10.0,10.0,985277.0,10.0,0.0,hdd,mix_vm,15.723257140615067,2769.7800482250436
512.0,250.0,1.0,128.0,100000.0,2500.0,1.0,300.0,273.0,16384.0,1600.0,2000000.0,1000000.0,9216.0,16.0,1000000.0,350.0,5.0,10.0,10.0,472425.0,10.0,0.0,hdd,mix_vm,9.071857586653197,2771.491187040179
512.0,250.0,1.0,128.0,100000.0,2500.0,1.0,300.0,128.0,16384.0,1600.0,2000000.0,1000000.0,9561.0,16.0,1000000.0,350.0,5.0,10.0,10.0,408021.0,10.0,0.0,hdd,mix_vm,4.287646177626407,2770.070806197614
512.0,250.0,1.0,128.0,100000.0,2500.0,1.0,300.0,337.0,16384.0,1600.0,2000000.0,1000000.0,9923.0,16.0,1000000.0,350.0,5.0,10.0,10.0,1000000.0,58.0,0.0,hdd,mix_vm,9.862973262816174,2800.4160366907504
512.0,250.0,1.0,128.0,100000.0,2500.0,1.0,300.0,0.0,16384.0,1600.0,2000000.0,1000000.0,0.0,16.0,1000000.0,0.0,5.0,10.0,10.0,747894.0,10.0,0.0,hdd,mix_vm,3.3891069197946857,2770.0887607648
2048.0,250.0,1.0,128.0,100000.0,2500.0,1.0,300.0,410.0,4000.0,1600.0,2000000.0,1000000.0,804.0,2.0,1000000.0,100.0,5.0,10.0,10.0,500000.0,10.0,0.0,hdd,mix_vm,22.158065468897572,2770.0794472756234
512.0,250.0,1.0,128.0,100000.0,2500.0,1.0,300.0,172.0,16384.0,1600.0,2000000.0,1000000.0,8960.0,16.0,1000000.0,350.0,5.0,10.0,10.0,338653.0,10.0,0.0,hdd,mix_vm,5.758001236504557,2770.3003849272145
512.0,250.0,1.0,128.0,100000.0,2500.0,1.0,300.0,247.0,16384.0,1600.0,2000000.0,1000000.0,10000.0,16.0,1000000.0,350.0,5.0,10.0,10.0,408021.0,10.0,0.0,hdd,mix_vm,8.237698144835296,2769.9365793726865
512.0,250.0,1.0,128.0,100000.0,2500.0,1.0,300.0,135.0,16384.0,1600.0,2000000.0,1000000.0,9208.0,16.0,1000000.0,350.0,5.0,10.0,10.0,1000000.0,10.0,0.0,hdd,mix_vm,4.499560426693115,2770.471058596424
512.0,250.0,1.0,128.0,100000.0,2500.0,1.0,300.0,128.0,16384.0,1600.0,2000000.0,1000000.0,8943.0,16.0,1000000.0,350.0,5.0,10.0,10.0,433340.0,10.0,0.0,hdd,mix_vm,4.284681220245164,2770.0425484292496
512.0,250.0,1.0,128.0,100000.0,2500.0,1.0,300.0,128.0,16384.0,1600.0,2000000.0,1000000.0,9229.0,16.0,1000000.0,350.0,5.0,10.0,10.0,433340.0,10.0,0.0,hdd,mix_vm,4.291686789704524,2769.9262009845183
512.0,250.0,1.0,128.0,100000.0,2500.0,1.0,300.0,374.0,16384.0,1600.0,2000000.0,1000000.0,10000.0,16.0,1000000.0,350.0,5.0,10.0,10.0,472425.0,10.0,0.0,hdd,mix_vm,12.466375380172344,2770.3113842730013
512.0,250.0,1.0,128.0,100000.0,2500.0,1.0,300.0,257.0,16384.0,1600.0,2000000.0,1000000.0,10000.0,16.0,1000000.0,350.0,5.0,10.0,10.0,200818.0,34.0,0.0,hdd,mix_vm,8.584730125607486,2938.025882674894
512.0,250.0,1.0,128.0,100000.0,2500.0,1.0,300.0,0.0,16384.0,1600.0,2000000.0,1000000.0,0.0,16.0,1000000.0,0.0,5.0,10.0,10.0,693702.0,10.0,0.0,hdd,mix_vm,3.4877561580076177,2769.3011152791437
512.0,250.0,1.0,128.0,100000.0,2500.0,1.0,300.0,134.0,16384.0,1600.0,2000000.0,1000000.0,9541.0,16.0,1000000.0,350.0,5.0,10.0,10.0,408021.0,10.0,0.0,hdd,mix_vm,4.5098809626351075,2770.214817525829
512.0,250.0,1.0,128.0,100000.0,2500.0,1.0,300.0,274.0,16384.0,1600.0,2000000.0,1000000.0,10000.0,16.0,1000000.0,350.0,5.0,10.0,10.0,804796.0,10.0,0.0,hdd,mix_vm,9.155131987040967,2770.1173169384256
512.0,250.0,1.0,128.0,100000.0,2500.0,1.0,300.0,130.0,16384.0,1600.0,2000000.0,1000000.0,9128.0,16.0,1000000.0,350.0,5.0,10.0,10.0,472425.0,10.0,0.0,hdd,mix_vm,4.36655191213945,2769.711631926606
512.0,250.0,1.0,128.0,100000.0,2500.0,1.0,300.0,0.0,16384.0,1600.0,2000000.0,1000000.0,0.0,16.0,1000000.0,0.0,5.0,10.0,10.0,937717.0,58.0,0.0,hdd,mix_vm,3.054065541156493,2807.676345794883
512.0,250.0,1.0,128.0,100000.0,2500.0,1.0,300.0,128.0,16384.0,1600.0,2000000.0,1000000.0,9911.0,16.0,1000000.0,350.0,5.0,10.0,10.0,408021.0,10.0,0.0,hdd,mix_vm,4.287733363340405,2770.2677478875826
512.0,250.0,1.0,128.0,100000.0,2500.0,1.0,300.0,0.0,16384.0,1600.0,2000000.0,1000000.0,0.0,16.0,1000000.0,0.0,5.0,10.0,10.0,985277.0,10.0,0.0,hdd,mix_vm,3.4796146068542004,2770.218936391808
512.0,250.0,1.0,128.0,100000.0,2500.0,1.0,300.0,130.0,16384.0,1600.0,2000000.0,1000000.0,9166.0,16.0,1000000.0,350.0,5.0,10.0,10.0,472425.0,10.0,0.0,hdd,mix_vm,4.353853953063518,2769.711631926606
512.0,250.0,1.0,128.0,100000.0,2500.0,1.0,300.0,128.0,16384.0,1600.0,2000000.0,1000000.0,9897.0,16.0,1000000.0,350.0,5.0,10.0,10.0,408021.0,10.0,0.0,hdd,mix_vm,4.288682185393903,2769.9304977969327
512.0,250.0,1.0,128.0,100000.0,2500.0,1.0,300.0,128.0,16384.0,1600.0,2000000.0,1000000.0,9380.0,16.0,1000000.0,350.0,5.0,10.0,10.0,408021.0,10.0,0.0,hdd,mix_vm,4.289957031863272,2770.0969603686267
512.0,250.0,1.0,128.0,100000.0,2500.0,1.0,300.0,0.0,16384.0,1600.0,2000000.0,1000000.0,0.0,16.0,1000000.0,0.0,5.0,10.0,10.0,747894.0,10.0,0.0,hdd,mix_vm,3.3891069197946857,2770.0887607648
512.0,250.0,1.0,128.0,100000.0,2500.0,1.0,300.0,128.0,16384.0,1600.0,2000000.0,1000000.0,9911.0,16.0,1000000.0,350.0,5.0,10.0,10.0,408021.0,36.0,0.0,hdd,mix_vm,4.285349766690365,2951.8927340270657
512.0,250.0,1.0,128.0,100000.0,2500.0,1.0,300.0,414.0,16384.0,1600.0,2000000.0,1000000.0,9992.0,16.0,1000000.0,350.0,5.0,10.0,10.0,1000000.0,10.0,0.0,hdd,mix_vm,13.829510677034133,2770.077537589096
512.0,250.0,1.0,128.0,100000.0,2500.0,1.0,300.0,264.0,16384.0,1600.0,2000000.0,1000000.0,9998.0,16.0,1000000.0,350.0,5.0,10.0,10.0,200818.0,10.0,0.0,hdd,mix_vm,8.819586738586063,2769.6975869679313
512.0,250.0,1.0,128.0,100000.0,2500.0,1.0,300.0,0.0,16384.0,1600.0,2000000.0,1000000.0,0.0,16.0,1000000.0,0.0,5.0,10.0,10.0,985277.0,10.0,0.0,hdd,mix_vm,3.4796146068542004,2770.218936391808
512.0,250.0,1.0,128.0,100000.0,2500.0,1.0,300.0,155.0,16384.0,1600.0,2000000.0,1000000.0,9346.0,16.0,1000000.0,350.0,5.0,10.0,10.0,937717.0,58.0,0.0,hdd,mix_vm,4.564255914942635,2806.2494510870047
512.0,250.0,1.0,128.0,100000.0,2500.0,1.0,300.0,0.0,16384.0,1600.0,2000000.0,1000000.0,0.0,16.0,1000000.0,0.0,5.0,10.0,10.0,1000000.0,10.0,0.0,hdd,mix_vm,3.4071860494859765,2770.032089699512
512.0,250.0,1.0,128.0,100000.0,2500.0,1.0,300.0,0.0,16384.0,1600.0,2000000.0,1000000.0,0.0,16.0,1000000.0,0.0,5.0,10.0,10.0,747894.0,10.0,0.0,hdd,mix_vm,3.3891069197946857,2770.0887607648
2048.0,250.0,1.0,128.0,100000.0,2500.0,1.0,300.0,410.0,4000.0,1600.0,2000000.0,1000000.0,804.0,2.0,1000000.0,100.0,5.0,10.0,10.0,500000.0,10.0,0.0,hdd,mix_vm,22.158065468897572,2770.0794472756234
512.0,250.0,1.0,128.0,100000.0,2500.0,1.0,300.0,406.0,16384.0,1600.0,2000000.0,1000000.0,9986.0,16.0,1000000.0,350.0,5.0,10.0,10.0,251236.0,10.0,0.0,hdd,mix_vm,13.52584780359494,2770.0245420400493
512.0,250.0,1.0,128.0,100000.0,2500.0,1.0,300.0,403.0,16384.0,1600.0,2000000.0,1000000.0,9636.0,16.0,1000000.0,350.0,5.0,10.0,10.0,472425.0,10.0,0.0,hdd,mix_vm,13.505557894618297,2770.359402923916
512.0,250.0,1.0,128.0,100000.0,2500.0,1.0,300.0,374.0,16384.0,1600.0,2000000.0,1000000.0,10000.0,16.0,1000000.0,350.0,5.0,10.0,10.0,723285.0,10.0,0.0,hdd,mix_vm,12.506903411615355,2769.950390201582
2048.0,250.0,1.0,128.0,100000.0,2500.0,1.0,300.0,422.0,4000.0,1600.0,2000000.0,1000000.0,854.0,2.0,1000000.0,100.0,5.0,10.0,10.0,500000.0,10.0,0.0,hdd,mix_vm,22.008970379796015,2770.0639902409976
512.0,250.0,1.0,128.0,100000.0,2500.0,1.0,300.0,130.0,16384.0,1600.0,2000000.0,1000000.0,9558.0,16.0,1000000.0,350.0,5.0,10.0,10.0,408021.0,10.0,0.0,hdd,mix_vm,4.35131442769429,2770.1543161696213
512.0,250.0,1.0,128.0,100000.0,2500.0,1.0,300.0,270.0,16384.0,1600.0,2000000.0,1000000.0,9995.0,16.0,1000000.0,350.0,5.0,10.0,10.0,1000000.0,45.0,0.0,hdd,mix_vm,8.990146774068679,3012.469449566912
512.0,250.0,1.0,128.0,100000.0,2500.0,1.0,300.0,0.0,16384.0,1600.0,2000000.0,1000000.0,0.0,16.0,1000000.0,0.0,5.0,10.0,10.0,747894.0,10.0,0.0,hdd,mix_vm,3.3891069197946857,2770.0887607648
512.0,250.0,1.0,128.0,100000.0,2500.0,1.0,300.0,236.0,16384.0,1600.0,2000000.0,1000000.0,9532.0,16.0,1000000.0,350.0,5.0,10.0,10.0,747894.0,10.0,0.0,hdd,mix_vm,7.885087859333348,2769.642308326292
512.0,250.0,1.0,128.0,100000.0,2500.0,1.0,300.0,257.0,16384.0,1600.0,2000000.0,1000000.0,9558.0,16.0,1000000.0,350.0,5.0,10.0,10.0,200818.0,10.0,0.0,hdd,mix_vm,8.585330384476164,2770.135962131299
512.0,250.0,1.0,128.0,100000.0,2500.0,1.0,300.0,128.0,16384.0,1600.0,2000000.0,1000000.0,9547.0,16.0,1000000.0,350.0,5.0,10.0,10.0,408021.0,10.0,0.0,hdd,mix_vm,4.3038913208230145,2770.070806197614
512.0,250.0,1.0,128.0,100000.0,2500.0,1.0,300.0,0.0,16384.0,1600.0,2000000.0,1000000.0,0.0,16.0,1000000.0,0.0,5.0,10.0,10.0,1000000.0,10.0,0.0,hdd,mix_vm,3.4071860494859765,2770.032089699512
512.0,250.0,1.0,128.0,100000.0,2500.0,1.0,300.0,172.0,16384.0,1600.0,2000000.0,1000000.0,8933.0,16.0,1000000.0,350.0,5.0,10.0,10.0,339092.0,10.0,0.0,hdd,mix_vm,5.757236293966479,2770.00427629354
2048.0,250.0,1.0,128.0,100000.0,2500.0,1.0,300.0,410.0,4000.0,1600.0,2000000.0,1000000.0,892.0,2.0,1000000.0,100.0,5.0,10.0,10.0,500000.0,10.0,0.0,hdd,mix_vm,21.34333332516684,2770.0794472756234
512.0,250.0,1.0,128.0,100000.0,2500.0,1.0,300.0,130.0,16384.0,1600.0,2000000.0,1000000.0,9533.0,16.0,1000000.0,350.0,5.0,10.0,10.0,408021.0,10.0,0.0,hdd,mix_vm,4.3531625923878785,2770.1435590285328
512.0,250.0,1.0,128.0,100000.0,2500.0,1.0,300.0,172.0,16384.0,1600.0,2000000.0,1000000.0,8561.0,16.0,1000000.0,350.0,5.0,10.0,10.0,339092.0,10.0,0.0,hdd,mix_vm,5.75783236248696,2770.097709236327
512.0,250.0,1.0,128.0,100000.0,2500.0,1.0,300.0,0.0,16384.0,1600.0,2000000.0,1000000.0,0.0,16.0,1000000.0,0.0,5.0,10.0,10.0,1000000.0,10.0,0.0,hdd,mix_vm,3.4071860494859765,2770.032089699512
512.0,250.0,1.0,128.0,100000.0,2500.0,1.0,300.0,136.0,16384.0,1600.0,2000000.0,1000000.0,9238.0,16.0,1000000.0,350.0,5.0,10.0,10.0,408021.0,10.0,0.0,hdd,mix_vm,4.59249106711659,2770.94406961308
512.0,250.0,1.0,128.0,100000.0,2500.0,1.0,300.0,172.0,16384.0,1600.0,2000000.0,1000000.0,8960.0,16.0,1000000.0,350.0,5.0,10.0,10.0,339092.0,31.0,0.0,hdd,mix_vm,5.756381105649984,2917.6656493958344
512.0,250.0,1.0,128.0,100000.0,2500.0,1.0,300.0,257.0,16384.0,1600.0,2000000.0,1000000.0,9998.0,16.0,1000000.0,350.0,5.0,10.0,10.0,200818.0,10.0,0.0,hdd,mix_vm,8.588359075241883,2770.2287951201206
512.0,250.0,1.0,128.0,100000.0,2500.0,1.0,300.0,0.0,16384.0,1600.0,2000000.0,1000000.0,0.0,16.0,1000000.0,0.0,5.0,10.0,10.0,747894.0,10.0,0.0,hdd,mix_vm,3.3891069197946857,2770.0887607648
512.0,250.0,1.0,128.0,100000.0,2500.0,1.0,300.0,0.0,16384.0,1600.0,2000000.0,1000000.0,0.0,16.0,1000000.0,0.0,5.0,10.0,10.0,1000000.0,10.0,0.0,hdd,mix_vm,3.4071860494859765,2770.032089699512
512.0,250.0,1.0,128.0,100000.0,2500.0,1.0,300.0,128.0,16384.0,1600.0,2000000.0,1000000.0,9911.0,16.0,1000000.0,350.0,5.0,10.0,10.0,408021.0,15.0,0.0,hdd,mix_vm,4.283431003325717,2805.262375152441
512.0,250.0,1.0,128.0,100000.0,2500.0,1.0,300.0,0.0,16384.0,1600.0,2000000.0,1000000.0,0.0,16.0,1000000.0,0.0,5.0,10.0,10.0,1000000.0,10.0,0.0,hdd,mix_vm,3.4071860494859765,2770.032089699512
512.0,250.0,1.0,128.0,100000.0,2500.0,1.0,300.0,257.0,16384.0,1600.0,2000000.0,1000000.0,10000.0,16.0,1000000.0,350.0,5.0,10.0,10.0,200818.0,34.0,0.0,hdd,mix_vm,8.584730125607486,2938.025882674894
512.0,250.0,1.0,128.0,100000.0,2500.0,1.0,300.0,260.0,16384.0,1600.0,2000000.0,1000000.0,8633.0,16.0,1000000.0,350.0,5.0,10.0,10.0,472425.0,10.0,0.0,hdd,mix_vm,8.629194020942855,2769.849724768235
2048.0,250.0,1.0,128.0,100000.0,2500.0,1.0,300.0,410.0,4000.0,1600.0,2000000.0,1000000.0,823.0,2.0,1000000.0,100.0,5.0,10.0,10.0,500000.0,10.0,0.0,hdd,mix_vm,21.97156747134418,2770.0794472756234
512.0,250.0,1.0,128.0,100000.0,2500.0,1.0,300.0,236.0,16384.0,1600.0,2000000.0,1000000.0,9263.0,16.0,1000000.0,350.0,5.0,10.0,10.0,1000000.0,10.0,0.0,hdd,mix_vm,7.817059023580195,2770.4590790649213
512.0,250.0,1.0,128.0,100000.0,2500.0,1.0,300.0,128.0,16384.0,1600.0,2000000.0,1000000.0,9232.0,16.0,1000000.0,350.0,5.0,10.0,10.0,433340.0,40.0,0.0,hdd,mix_vm,4.288513185743102,2979.9634359171355
2048.0,250.0,1.0,128.0,100000.0,2500.0,1.0,300.0,415.0,4000.0,1600.0,2000000.0,1000000.0,871.0,2.0,1000000.0,100.0,5.0,10.0,10.0,500000.0,10.0,0.0,hdd,mix_vm,21.651992163443,2770.0666245861216
512.0,250.0,1.0,128.0,100000.0,2500.0,1.0,300.0,128.0,16384.0,1600.0,2000000.0,1000000.0,9911.0,16.0,1000000.0,350.0,5.0,10.0,10.0,408021.0,10.0,0.0,hdd,mix_vm,4.287733363340405,2770.2677478875826
512.0,250.0,1.0,128.0,100000.0,2500.0,1.0,300.0,322.0,16384.0,1600.0,2000000.0,1000000.0,9608.0,16.0,1000000.0,350.0,5.0,10.0,10.0,251236.0,10.0,0.0,hdd,mix_vm,10.60717500457351,2770.309774403226
512.0,250.0,1.0,128.0,100000.0,2500.0,1.0,300.0,0.0,16384.0,1600.0,2000000.0,1000000.0,0.0,16.0,1000000.0,0.0,5.0,10.0,10.0,1000000.0,10.0,0.0,hdd,mix_vm,3.4071860494859765,2770.032089699512
2048.0,250.0,1.0,128.0,100000.0,2500.0,1.0,300.0,410.0,4000.0,1600.0,2000000.0,1000000.0,823.0,2.0,1000000.0,100.0,5.0,10.0,10.0,500000.0,10.0,0.0,hdd,mix_vm,21.97156747134418,2770.0794472756234
512.0,250.0,1.0,128.0,100000.0,2500.0,1.0,300.0,0.0,16384.0,1600.0,2000000.0,1000000.0,0.0,16.0,1000000.0,0.0,5.0,10.0,10.0,747894.0,10.0,0.0,hdd,mix_vm,3.3891069197946857,2770.0887607648
512.0,250.0,1.0,128.0,100000.0,2500.0,1.0,300.0,172.0,16384.0,1600.0,2000000.0,1000000.0,8960.0,16.0,1000000.0,350.0,5.0,10.0,10.0,339092.0,10.0,0.0,hdd,mix_vm,5.757236293966479,2770.2894729056698
512.0,250.0,1.0,128.0,100000.0,2500.0,1.0,300.0,280.0,16384.0,1600.0,2000000.0,1000000.0,9649.0,16.0,1000000.0,350.0,5.0,10.0,10.0,408021.0,10.0,0.0,hdd,mix_vm,9.317495393027864,2770.394942146664
512.0,250.0,1.0,128.0,100000.0,2500.0,1.0,300.0,0.0,16384.0,1600.0,2000000.0,1000000.0,0.0,16.0,1000000.0,0.0,5.0,10.0,10.0,747894.0,10.0,0.0,hdd,mix_vm,3.3891069197946857,2770.0887607648
512.0,250.0,1.0,128.0,100000.0,2500.0,1.0,300.0,128.0,16384.0,1600.0,2000000.0,1000000.0,8531.0,16.0,1000000.0,350.0,5.0,10.0,10.0,425895.0,10.0,0.0,hdd,mix_vm,4.290571285785934,2770.043561957926
512.0,250.0,1.0,128.0,100000.0,2500.0,1.0,300.0,0.0,16384.0,1600.0,2000000.0,1000000.0,0.0,16.0,1000000.0,0.0,5.0,10.0,10.0,747894.0,10.0,0.0,hdd,mix_vm,3.3891069197946857,2770.0887607648
2048.0,250.0,1.0,128.0,100000.0,2500.0,1.0,300.0,410.0,4000.0,1600.0,2000000.0,1000000.0,799.0,2.0,1000000.0,100.0,5.0,10.0,10.0,500000.0,10.0,0.0,hdd,mix_vm,22.213583810136733,2770.0794472756234
512.0,250.0,1.0,128.0,100000.0,2500.0,1.0,300.0,172.0,16384.0,1600.0,2000000.0,1000000.0,8960.0,16.0,1000000.0,350.0,5.0,10.0,10.0,339092.0,10.0,0.0,hdd,mix_vm,5.757236293966479,2770.2894729056698
512.0,250.0,1.0,128.0,100000.0,2500.0,1.0,300.0,286.0,16384.0,1600.0,2000000.0,1000000.0,9322.0,16.0,1000000.0,350.0,5.0,10.0,10.0,985277.0,10.0,0.0,hdd,mix_vm,9.5598756407536,2770.055951400539
512.0,250.0,1.0,128.0,100000.0,2500.0,1.0,300.0,172.0,16384.0,1600.0,2000000.0,1000000.0,8599.0,16.0,1000000.0,350.0,5.0,10.0,10.0,339092.0,10.0,0.0,hdd,mix_vm,5.757775312718617,2770.097709236327
512.0,250.0,1.0,128.0,100000.0,2500.0,1.0,300.0,128.0,16384.0,1600.0,2000000.0,1000000.0,9847.0,16.0,1000000.0,350.0,5.0,10.0,10.0,408021.0,10.0,0.0,hdd,mix_vm,4.287934957979074,2769.9304977969327
2048.0,250.0,1.0,128.0,100000.0,2500.0,1.0,300.0,410.0,4000.0,1600.0,2000000.0,1000000.0,812.0,2.0,1000000.0,100.0,5.0,10.0,10.0,500000.0,10.0,0.0,hdd,mix_vm,22.109270168357725,2770.0794472756234
512.0,250.0,1.0,128.0,100000.0,2500.0,1.0,300.0,139.0,16384.0,1600.0,2000000.0,1000000.0,8849.0,16.0,1000000.0,350.0,5.0,10.0,10.0,472425.0,10.0,0.0,hdd,mix_vm,4.656979641599874,2770.1802596127013
512.0,250.0,1.0,128.0,100000.0,2500.0,1.0,300.0,0.0,16384.0,1600.0,2000000.0,1000000.0,0.0,16.0,1000000.0,0.0,5.0,10.0,10.0,747894.0,10.0,0.0,hdd,mix_vm,3.3891069197946857,2770.0887607648
512.0,250.0,1.0,128.0,100000.0,2500.0,1.0,300.0,257.0,16384.0,1600.0,2000000.0,1000000.0,9564.0,16.0,1000000.0,350.0,5.0,10.0,10.0,747894.0,10.0,0.0,hdd,mix_vm,8.588100212015469,2769.044427179202
512.0,250.0,1.0,128.0,100000.0,2500.0,1.0,300.0,410.0,16384.0,1600.0,2000000.0,1000000.0,9625.0,16.0,1000000.0,350.0,5.0,10.0,10.0,1000000.0,10.0,0.0,hdd,mix_vm,13.673429381511603,2769.92611378118
512.0,250.0,1.0,128.0,100000.0,2500.0,1.0,300.0,176.0,16384.0,1600.0,2000000.0,1000000.0,9346.0,16.0,1000000.0,350.0,5.0,10.0,10.0,937717.0,58.0,0.0,hdd,mix_vm,5.144965792859453,2803.7975643298055
512.0,250.0,1.0,128.0,100000.0,2500.0,1.0,300.0,268.0,16384.0,1600.0,2000000.0,1000000.0,9987.0,16.0,1000000.0,350.0,5.0,10.0,10.0,810098.0,10.0,0.0,hdd,mix_vm,9.001540450335572,2769.4683355379034
512.0,250.0,1.0,128.0,100000.0,2500.0,1.0,300.0,172.0,16384.0,1600.0,2000000.0,1000000.0,8960.0,16.0,1000000.0,350.0,5.0,10.0,10.0,339092.0,20.0,0.0,hdd,mix_vm,5.75748585864238,2840.395144781424
512.0,250.0,1.0,128.0,100000.0,2500.0,1.0,300.0,257.0,16384.0,1600.0,2000000.0,1000000.0,9998.0,16.0,1000000.0,350.0,5.0,10.0,10.0,200818.0,10.0,0.0,hdd,mix_vm,8.588359075241883,2770.2287951201206
512.0,250.0,1.0,128.0,100000.0,2500.0,1.0,300.0,172.0,16384.0,1600.0,2000000.0,1000000.0,8955.0,16.0,1000000.0,350.0,5.0,10.0,10.0,339092.0,10.0,0.0,hdd,mix_vm,5.757236293966479,2770.0522816477846
512.0,250.0,1.0,128.0,100000.0,2500.0,1.0,300.0,0.0,16384.0,1600.0,2000000.0,1000000.0,0.0,16.0,1000000.0,0.0,5.0,10.0,10.0,747894.0,10.0,0.0,hdd,mix_vm,3.3891069197946857,2770.0887607648
512.0,250.0,1.0,128.0,100000.0,2500.0,1.0,300.0,344.0,16384.0,1600.0,2000000.0,1000000.0,9343.0,16.0,1000000.0,350.0,5.0,10.0,10.0,1000000.0,58.0,0.0,hdd,mix_vm,10.035887318240112,2807.9920345503397
2048.0,250.0,1.0,128.0,100000.0,2500.0,1.0,300.0,450.0,4000.0,1600.0,2000000.0,1000000.0,926.0,2.0,1000000.0,100.0,5.0,10.0,10.0,500000.0,10.0,0.0,hdd,mix_vm,22.370313007191935,2770.1542482515615
512.0,250.0,1.0,128.0,100000.0,2500.0,1.0,300.0,468.0,16384.0,1600.0,2000000.0,1000000.0,9718.0,16.0,1000000.0,350.0,5.0,10.0,10.0,408021.0,10.0,0.0,hdd,mix_vm,15.602476928486745,2770.480405937962
512.0,250.0,1.0,128.0,100000.0,2500.0,1.0,300.0,172.0,16384.0,1600.0,2000000.0,1000000.0,8960.0,16.0,1000000.0,350.0,5.0,10.0,10.0,339092.0,10.0,0.0,hdd,mix_vm,5.757236293966479,2770.2894729056698
512.0,250.0,1.0,128.0,100000.0,2500.0,1.0,300.0,128.0,16384.0,1600.0,2000000.0,1000000.0,8815.0,16.0,1000000.0,350.0,5.0,10.0,10.0,472425.0,10.0,0.0,hdd,mix_vm,4.291087522989054,2770.0097162282973
2048.0,250.0,1.0,128.0,100000.0,2500.0,1.0,300.0,410.0,4000.0,1600.0,2000000.0,1000000.0,821.0,2.0,1000000.0,100.0,5.0,10.0,10.0,500000.0,10.0,0.0,hdd,mix_vm,21.97156747134418,2770.0794472756234
512.0,250.0,1.0,128.0,100000.0,2500.0,1.0,300.0,0.0,16384.0,1600.0,2000000.0,1000000.0,0.0,16.0,1000000.0,0.0,5.0,10.0,10.0,985277.0,10.0,0.0,hdd,mix_vm,3.4796146068542004,2770.218936391808
512.0,250.0,1.0,128.0,100000.0,2500.0,1.0,300.0,0.0,16384.0,1600.0,2000000.0,1000000.0,0.0,16.0,1000000.0,0.0,5.0,10.0,10.0,747894.0,10.0,0.0,hdd,mix_vm,3.3891069197946857,2770.0887607648
512.0,250.0,1.0,128.0,100000.0,2500.0,1.0,300.0,0.0,16384.0,1600.0,2000000.0,1000000.0,0.0,16.0,1000000.0,0.0,5.0,10.0,10.0,747894.0,10.0,0.0,hdd,mix_vm,3.3891069197946857,2770.0887607648
512.0,250.0,1.0,128.0,100000.0,2500.0,1.0,300.0,126.0,16384.0,1600.0,2000000.0,1000000.0,9139.0,16.0,1000000.0,350.0,5.0,10.0,10.0,1000000.0,10.0,0.0,hdd,mix_vm,4.206150676387247,2770.70294818833
512.0,250.0,1.0,128.0,100000.0,2500.0,1.0,300.0,172.0,16384.0,1600.0,2000000.0,1000000.0,8960.0,16.0,1000000.0,350.0,5.0,10.0,10.0,339092.0,31.0,0.0,hdd,mix_vm,5.756381105649984,2917.6656493958344
512.0,250.0,1.0,128.0,100000.0,2500.0,1.0,300.0,362.0,16384.0,1600.0,2000000.0,1000000.0,9927.0,16.0,1000000.0,350.0,5.0,10.0,10.0,472425.0,10.0,0.0,hdd,mix_vm,12.037553723371232,2770.1864079126135
512.0,250.0,1.0,128.0,100000.0,2500.0,1.0,300.0,128.0,16384.0,1600.0,2000000.0,1000000.0,9842.0,16.0,1000000.0,350.0,5.0,10.0,10.0,408021.0,10.0,0.0,hdd,mix_vm,4.2855981679315605,2769.9304977969327
2048.0,250.0,1.0,128.0,100000.0,2500.0,1.0,300.0,410.0,4000.0,1600.0,2000000.0,1000000.0,829.0,2.0,1000000.0,100.0,5.0,10.0,10.0,500000.0,10.0,0.0,hdd,mix_vm,21.847144767097017,2770.0794472756234
2048.0,250.0,1.0,128.0,100000.0,2500.0,1.0,300.0,410.0,4000.0,1600.0,2000000.0,1000000.0,818.0,2.0,1000000.0,100.0,5.0,10.0,10.0,500000.0,10.0,0.0,hdd,mix_vm,22.032036893179843,2770.0794472756234
512.0,250.0,1.0,128.0,100000.0,2500.0,1.0,300.0,128.0,16384.0,1600.0,2000000.0,1000000.0,9911.0,16.0,1000000.0,350.0,5.0,10.0,10.0,408021.0,10.0,0.0,hdd,mix_vm,4.287733363340405,2770.2677478875826
512.0,250.0,1.0,128.0,100000.0,2500.0,1.0,300.0,0.0,16384.0,1600.0,2000000.0,1000000.0,0.0,16.0,1000000.0,0.0,5.0,10.0,10.0,1000000.0,10.0,0.0,hdd,mix_vm,3.4071860494859765,2770.032089699512
512.0,250.0,1.0,128.0,100000.0,2500.0,1.0,300.0,290.0,16384.0,1600.0,2000000.0,1000000.0,8972.0,16.0,1000000.0,350.0,5.0,10.0,10.0,1000000.0,10.0,0.0,hdd,mix_vm,9.70155287837596,2769.876629566353
512.0,250.0,1.0,128.0,100000.0,2500.0,1.0,300.0,128.0,16384.0,1600.0,2000000.0,1000000.0,9597.0,16.0,1000000.0,350.0,5.0,10.0,10.0,408021.0,10.0,0.0,hdd,mix_vm,4.353411764624897,2769.98374534997
512.0,250.0,1.0,128.0,100000.0,2500.0,1.0,300.0,0.0,16384.0,1600.0,2000000.0,1000000.0,0.0,16.0,1000000.0,0.0,5.0,10.0,10.0,937717.0,58.0,0.0,hdd,mix_vm,3.054065541156493,2807.676345794883
512.0,250.0,1.0,128.0,100000.0,2500.0,1.0,300.0,247.0,16384.0,1600.0,2000000.0,1000000.0,9990.0,16.0,1000000.0,350.0,5.0,10.0,10.0,1000000.0,10.0,0.0,hdd,mix_vm,8.285053075476691,2770.4530002658767
512.0,250.0,1.0,128.0,100000.0,2500.0,1.0,300.0,128.0,16384.0,1600.0,2000000.0,1000000.0,8887.0,16.0,1000000.0,350.0,5.0,10.0,10.0,433340.0,10.0,0.0,hdd,mix_vm,4.295080899811012,2770.0027188614836
512.0,250.0,1.0,128.0,100000.0,2500.0,1.0,300.0,172.0,16384.0,1600.0,2000000.0,1000000.0,8916.0,16.0,1000000.0,350.0,5.0,10.0,10.0,339092.0,10.0,0.0,hdd,mix_vm,5.759402295289059,2769.990877285599
2048.0,250.0,1.0,128.0,100000.0,2500.0,1.0,300.0,450.0,4000.0,1600.0,2000000.0,1000000.0,948.0,2.0,1000000.0,100.0,5.0,10.0,10.0,500000.0,10.0,0.0,hdd,mix_vm,22.187963364837895,2770.1542482515615
512.0,250.0,1.0,128.0,100000.0,2500.0,1.0,300.0,0.0,16384.0,1600.0,2000000.0,1000000.0,0.0,16.0,1000000.0,0.0,5.0,10.0,10.0,747894.0,10.0,0.0,hdd,mix_vm,3.3891069197946857,2770.0887607648
512.0,250.0,1.0,128.0,100000.0,2500.0,1.0,300.0,0.0,16384.0,1600.0,2000000.0,1000000.0,0.0,16.0,1000000.0,0.0,5.0,10.0,10.0,747894.0,10.0,0.0,hdd,mix_vm,3.3891069197946857,2770.0887607648
512.0,250.0,1.0,128.0,100000.0,2500.0,1.0,300.0,186.0,16384.0,1600.0,2000000.0,1000000.0,9589.0,16.0,1000000.0,350.0,5.0,10.0,10.0,985277.0,10.0,0.0,hdd,mix_vm,6.169688084774605,2770.1102093388386
512.0,250.0,1.0,128.0,100000.0,2500.0,1.0,300.0,0.0,16384.0,1600.0,2000000.0,1000000.0,0.0,16.0,1000000.0,0.0,5.0,10.0,10.0,747894.0,10.0,0.0,hdd,mix_vm,3.3891069197946857,2770.0887607648
512.0,250.0,1.0,128.0,100000.0,2500.0,1.0,300.0,0.0,16384.0,1600.0,2000000.0,1000000.0,0.0,16.0,1000000.0,0.0,5.0,10.0,10.0,1000000.0,10.0,0.0,hdd,mix_vm,3.4071860494859765,2770.032089699512
512.0,250.0,1.0,128.0,100000.0,2500.0,1.0,300.0,130.0,16384.0,1600.0,2000000.0,1000000.0,8528.0,16.0,1000000.0,350.0,5.0,10.0,10.0,404966.0,10.0,0.0,hdd,mix_vm,4.351220625854007,2770.0324599842043
512.0,250.0,1.0,128.0,100000.0,2500.0,1.0,300.0,415.0,16384.0,1600.0,2000000.0,1000000.0,9981.0,16.0,1000000.0,350.0,5.0,10.0,10.0,985277.0,10.0,0.0,hdd,mix_vm,13.856364179078682,2771.449062938254
512.0,250.0,1.0,128.0,100000.0,2500.0,1.0,300.0,0.0,16384.0,1600.0,2000000.0,1000000.0,0.0,16.0,1000000.0,0.0,5.0,10.0,10.0,1000000.0,10.0,0.0,hdd,mix_vm,3.4071860494859765,2770.032089699512
512.0,250.0,1.0,128.0,100000.0,2500.0,1.0,300.0,0.0,16384.0,1600.0,2000000.0,1000000.0,0.0,16.0,1000000.0,0.0,5.0,10.0,10.0,1000000.0,10.0,0.0,hdd,mix_vm,3.4071860494859765,2770.032089699512
2048.0,250.0,1.0,128.0,100000.0,2500.0,1.0,300.0,410.0,4000.0,1600.0,2000000.0,1000000.0,842.0,2.0,1000000.0,100.0,5.0,10.0,10.0,500000.0,10.0,0.0,hdd,mix_vm,21.847144767097017,2770.0794472756234
512.0,250.0,1.0,128.0,100000.0,2500.0,1.0,300.0,0.0,16384.0,1600.0,2000000.0,1000000.0,0.0,16.0,1000000.0,0.0,5.0,10.0,10.0,596075.0,10.0,0.0,hdd,mix_vm,3.4713657005204355,2769.4963175121225
512.0,250.0,1.0,128.0,100000.0,2500.0,1.0,300.0,102.0,16384.0,1600.0,2000000.0,1000000.0,9589.0,16.0,1000000.0,350.0,5.0,10.0,10.0,985277.0,10.0,0.0,hdd,mix_vm,3.4017637938816785,2769.6981372624764
2048.0,250.0,1.0,128.0,100000.0,2500.0,1.0,300.0,450.0,4000.0,1600.0,2000000.0,1000000.0,893.0,2.0,1000000.0,100.0,5.0,10.0,10.0,500000.0,10.0,0.0,hdd,mix_vm,22.637319980346128,2770.0606174459267
2048.0,250.0,1.0,128.0,100000.0,2500.0,1.0,300.0,500.0,4000.0,1600.0,2000000.0,1000000.0,917.0,2.0,1000000.0,100.0,5.0,10.0,10.0,500000.0,10.0,0.0,hdd,mix_vm,24.21296016720916,2770.086061555659
512.0,250.0,1.0,128.0,100000.0,2500.0,1.0,300.0,217.0,16384.0,1600.0,2000000.0,1000000.0,9533.0,16.0,1000000.0,350.0,5.0,10.0,10.0,985277.0,10.0,0.0,hdd,mix_vm,7.2861649042795396,2769.833995562015
512.0,250.0,1.0,128.0,100000.0,2500.0,1.0,300.0,441.0,16384.0,1600.0,2000000.0,1000000.0,9320.0,16.0,1000000.0,350.0,5.0,10.0,10.0,230030.0,10.0,0.0,hdd,mix_vm,14.617750179766732,2769.945804644904
512.0,250.0,1.0,128.0,100000.0,2500.0,1.0,300.0,128.0,16384.0,1600.0,2000000.0,1000000.0,9066.0,16.0,1000000.0,350.0,5.0,10.0,10.0,408021.0,10.0,0.0,hdd,mix_vm,4.29437900150391,2769.6523820325124
512.0,250.0,1.0,128.0,100000.0,2500.0,1.0,300.0,258.0,16384.0,1600.0,2000000.0,1000000.0,9965.0,16.0,1000000.0,350.0,5.0,10.0,10.0,200818.0,10.0,0.0,hdd,mix_vm,8.618218497244872,2770.2309189478165
512.0,250.0,1.0,128.0,100000.0,2500.0,1.0,300.0,128.0,16384.0,1600.0,2000000.0,1000000.0,9911.0,16.0,1000000.0,350.0,5.0,10.0,10.0,408021.0,10.0,0.0,hdd,mix_vm,4.287733363340405,2770.2677478875826
512.0,250.0,1.0,128.0,100000.0,2500.0,1.0,300.0,136.0,16384.0,1600.0,2000000.0,1000000.0,9583.0,16.0,1000000.0,350.0,5.0,10.0,10.0,408021.0,10.0,0.0,hdd,mix_vm,4.545591565673786,2770.0957654458325
512.0,250.0,1.0,128.0,100000.0,2500.0,1.0,300.0,128.0,16384.0,1600.0,2000000.0,1000000.0,9183.0,16.0,1000000.0,350.0,5.0,10.0,10.0,404966.0,10.0,0.0,hdd,mix_vm,4.289700883205896,2771.0665110534533
512.0,250.0,1.0,128.0,100000.0,2500.0,1.0,300.0,216.0,16384.0,1600.0,2000000.0,1000000.0,9263.0,16.0,1000000.0,350.0,5.0,10.0,10.0,1000000.0,10.0,0.0,hdd,mix_vm,7.190790975990352,2770.303595551451
512.0,250.0,1.0,128.0,100000.0,2500.0,1.0,300.0,258.0,16384.0,1600.0,2000000.0,1000000.0,10000.0,16.0,1000000.0,350.0,5.0,10.0,10.0,200818.0,37.0,0.0,hdd,mix_vm,8.620049418945213,2960.1754562014667
512.0,250.0,1.0,128.0,100000.0,2500.0,1.0,300.0,218.0,16384.0,1600.0,2000000.0,1000000.0,8397.0,16.0,1000000.0,350.0,5.0,10.0,10.0,472425.0,10.0,0.0,hdd,mix_vm,7.2852957980255955,2770.1837112256853
512.0,250.0,1.0,128.0,100000.0,2500.0,1.0,300.0,241.0,16384.0,1600.0,2000000.0,1000000.0,9291.0,16.0,1000000.0,350.0,5.0,10.0,10.0,472425.0,31.0,0.0,hdd,mix_vm,8.054127162549511,2916.450524951505
512.0,250.0,1.0,128.0,100000.0,2500.0,1.0,300.0,0.0,16384.0,1600.0,2000000.0,1000000.0,0.0,16.0,1000000.0,0.0,5.0,10.0,10.0,747894.0,10.0,0.0,hdd,mix_vm,3.3891069197946857,2770.0887607648
512.0,250.0,1.0,128.0,100000.0,2500.0,1.0,300.0,172.0,16384.0,1600.0,2000000.0,1000000.0,8960.0,16.0,1000000.0,350.0,5.0,10.0,10.0,339092.0,10.0,0.0,hdd,mix_vm,5.757236293966479,2770.2894729056698
512.0,250.0,1.0,128.0,100000.0,2500.0,1.0,300.0,407.0,16384.0,1600.0,2000000.0,1000000.0,10000.0,16.0,1000000.0,350.0,5.0,10.0,10.0,1000000.0,57.0,0.0,hdd,mix_vm,11.917035862703907,2798.923242495933
512.0,250.0,1.0,128.0,100000.0,2500.0,1.0,300.0,0.0,16384.0,1600.0,2000000.0,1000000.0,0.0,16.0,1000000.0,0.0,5.0,10.0,10.0,125718.0,10.0,0.0,hdd,mix_vm,3.6482527007236762,2769.975737691776
512.0,250.0,1.0,128.0,100000.0,2500.0,1.0,300.0,130.0,16384.0,1600.0,2000000.0,1000000.0,9433.0,16.0,1000000.0,350.0,5.0,10.0,10.0,408021.0,10.0,0.0,hdd,mix_vm,4.357231914406402,2770.155086395942
512.0,250.0,1.0,128.0,100000.0,2500.0,1.0,300.0,0.0,16384.0,1600.0,2000000.0,1000000.0,0.0,16.0,1000000.0,0.0,5.0,10.0,10.0,937717.0,58.0,0.0,hdd,mix_vm,3.054065541156493,2807.676345794883
512.0,250.0,1.0,128.0,100000.0,2500.0,1.0,300.0,0.0,16384.0,1600.0,2000000.0,1000000.0,0.0,16.0,1000000.0,0.0,5.0,10.0,10.0,937717.0,58.0,0.0,hdd,mix_vm,3.054065541156493,2807.676345794883
512.0,250.0,1.0,128.0,100000.0,2500.0,1.0,300.0,128.0,16384.0,1600.0,2000000.0,1000000.0,9844.0,16.0,1000000.0,350.0,5.0,10.0,10.0,408021.0,10.0,0.0,hdd,mix_vm,4.2855981679315605,2769.9304977969327
512.0,250.0,1.0,128.0,100000.0,2500.0,1.0,300.0,414.0,16384.0,1600.0,2000000.0,1000000.0,9623.0,16.0,1000000.0,350.0,5.0,10.0,10.0,1000000.0,10.0,0.0,hdd,mix_vm,13.837953067822536,2769.981963645316
512.0,250.0,1.0,128.0,100000.0,2500.0,1.0,300.0,128.0,16384.0,1600.0,2000000.0,1000000.0,9911.0,16.0,1000000.0,350.0,5.0,10.0,10.0,408021.0,10.0,0.0,hdd,mix_vm,4.287733363340405,2770.2677478875826
512.0,250.0,1.0,128.0,100000.0,2500.0,1.0,300.0,0.0,16384.0,1600.0,2000000.0,1000000.0,0.0,16.0,1000000.0,0.0,5.0,10.0,10.0,747894.0,10.0,0.0,hdd,mix_vm,3.3891069197946857,2770.0887607648
512.0,250.0,1.0,128.0,100000.0,2500.0,1.0,300.0,247.0,16384.0,1600.0,2000000.0,1000000.0,10000.0,16.0,1000000.0,350.0,5.0,10.0,10.0,408021.0,10.0,0.0,hdd,mix_vm,8.237698144835296,2769.9365793726865
512.0,250.0,1.0,128.0,100000.0,2500.0,1.0,300.0,451.0,16384.0,1600.0,2000000.0,1000000.0,9980.0,16.0,1000000.0,350.0,5.0,10.0,10.0,1000000.0,10.0,0.0,hdd,mix_vm,15.050862667308687,2772.066740313228
512.0,250.0,1.0,128.0,100000.0,2500.0,1.0,300.0,0.0,16384.0,1600.0,2000000.0,1000000.0,0.0,16.0,1000000.0,0.0,5.0,10.0,10.0,985277.0,10.0,0.0,hdd,mix_vm,3.4796146068542004,2770.218936391808
512.0,250.0,1.0,128.0,100000.0,2500.0,1.0,300.0,183.0,16384.0,1600.0,2000000.0,1000000.0,9716.0,16.0,1000000.0,350.0,5.0,10.0,10.0,347993.0,32.0,0.0,hdd,mix_vm,6.1174574467336855,2925.2059283761905
512.0,250.0,1.0,128.0,100000.0,2500.0,1.0,300.0,172.0,16384.0,1600.0,2000000.0,1000000.0,8921.0,16.0,1000000.0,350.0,5.0,10.0,10.0,347993.0,10.0,0.0,hdd,mix_vm,5.758717736934575,2769.887697914359
512.0,250.0,1.0,128.0,100000.0,2500.0,1.0,300.0,257.0,16384.0,1600.0,2000000.0,1000000.0,9579.0,16.0,1000000.0,350.0,5.0,10.0,10.0,200818.0,10.0,0.0,hdd,mix_vm,8.589260209307128,2770.0782679548583
512.0,250.0,1.0,128.0,100000.0,2500.0,1.0,300.0,274.0,16384.0,1600.0,2000000.0,1000000.0,10000.0,16.0,1000000.0,350.0,5.0,10.0,10.0,274301.0,58.0,0.0,hdd,mix_vm,8.014782346975657,2806.029776923435
512.0,250.0,1.0,128.0,100000.0,2500.0,1.0,300.0,0.0,16384.0,1600.0,2000000.0,1000000.0,0.0,16.0,1000000.0,0.0,5.0,10.0,10.0,747894.0,10.0,0.0,hdd,mix_vm,3.3891069197946857,2770.0887607648
512.0,250.0,1.0,128.0,100000.0,2500.0,1.0,300.0,128.0,16384.0,1600.0,2000000.0,1000000.0,9422.0,16.0,1000000.0,350.0,5.0,10.0,10.0,408021.0,10.0,0.0,hdd,mix_vm,4.289904859980955,2770.0715764239344
2048.0,250.0,1.0,128.0,100000.0,2500.0,1.0,300.0,410.0,4000.0,1600.0,2000000.0,1000000.0,852.0,2.0,1000000.0,100.0,5.0,10.0,10.0,500000.0,10.0,0.0,hdd,mix_vm,21.68114116106319,2770.0794472756234
512.0,250.0,1.0,128.0,100000.0,2500.0,1.0,300.0,0.0,16384.0,1600.0,2000000.0,1000000.0,0.0,16.0,1000000.0,0.0,5.0,10.0,10.0,937717.0,58.0,0.0,hdd,mix_vm,3.054065541156493,2807.676345794883
512.0,250.0,1.0,128.0,100000.0,2500.0,1.0,300.0,0.0,16384.0,1600.0,2000000.0,1000000.0,0.0,16.0,1000000.0,0.0,5.0,10.0,10.0,937717.0,58.0,0.0,hdd,mix_vm,3.054065541156493,2807.676345794883
512.0,250.0,1.0,128.0,100000.0,2500.0,1.0,300.0,144.0,16384.0,1600.0,2000000.0,1000000.0,9187.0,16.0,1000000.0,350.0,5.0,10.0,10.0,747894.0,10.0,0.0,hdd,mix_vm,4.817243550610808,2769.734852090775
512.0,250.0,1.0,128.0,100000.0,2500.0,1.0,300.0,257.0,16384.0,1600.0,2000000.0,1000000.0,9999.0,16.0,1000000.0,350.0,5.0,10.0,10.0,200818.0,44.0,0.0,hdd,mix_vm,8.588306057613517,3007.936315394676
512.0,250.0,1.0,128.0,100000.0,2500.0,1.0,300.0,260.0,16384.0,1600.0,2000000.0,1000000.0,9911.0,16.0,1000000.0,350.0,5.0,10.0,10.0,200818.0,10.0,0.0,hdd,mix_vm,8.677655927249681,2769.664906738324
512.0,250.0,1.0,128.0,100000.0,2500.0,1.0,300.0,136.0,16384.0,1600.0,2000000.0,1000000.0,9547.0,16.0,1000000.0,350.0,5.0,10.0,10.0,408021.0,10.0,0.0,hdd,mix_vm,4.569359484234273,2770.2911157879826
512.0,250.0,1.0,128.0,100000.0,2500.0,1.0,300.0,0.0,16384.0,1600.0,2000000.0,1000000.0,0.0,16.0,1000000.0,0.0,5.0,10.0,10.0,1000000.0,10.0,0.0,hdd,mix_vm,3.4071860494859765,2770.032089699512
512.0,250.0,1.0,128.0,100000.0,2500.0,1.0,300.0,102.0,16384.0,1600.0,2000000.0,1000000.0,8814.0,16.0,1000000.0,350.0,5.0,10.0,10.0,1000000.0,10.0,0.0,hdd,mix_vm,3.4157023018899006,2769.0203711750587
512.0,250.0,1.0,128.0,100000.0,2500.0,1.0,300.0,172.0,16384.0,1600.0,2000000.0,1000000.0,8960.0,16.0,1000000.0,350.0,5.0,10.0,10.0,339092.0,10.0,0.0,hdd,mix_vm,5.757236293966479,2770.2894729056698
512.0,250.0,1.0,128.0,100000.0,2500.0,1.0,300.0,172.0,16384.0,1600.0,2000000.0,1000000.0,8960.0,16.0,1000000.0,350.0,5.0,10.0,10.0,339092.0,10.0,0.0,hdd,mix_vm,5.757236293966479,2770.2894729056698
2048.0,250.0,1.0,128.0,100000.0,2500.0,1.0,300.0,410.0,4000.0,1600.0,2000000.0,1000000.0,861.0,2.0,1000000.0,100.0,5.0,10.0,10.0,500000.0,10.0,0.0,hdd,mix_vm,21.579042645195955,2770.0794472756234
512.0,250.0,1.0,128.0,100000.0,2500.0,1.0,300.0,128.0,16384.0,1600.0,2000000.0,1000000.0,9232.0,16.0,1000000.0,350.0,5.0,10.0,10.0,448837.0,10.0,0.0,hdd,mix_vm,4.291930937589536,2770.320521037003
512.0,250.0,1.0,128.0,100000.0,2500.0,1.0,300.0,0.0,16384.0,1600.0,2000000.0,1000000.0,0.0,16.0,1000000.0,0.0,5.0,10.0,10.0,985277.0,10.0,0.0,hdd,mix_vm,3.4796146068542004,2770.218936391808
512.0,250.0,1.0,128.0,100000.0,2500.0,1.0,300.0,132.0,16384.0,1600.0,2000000.0,1000000.0,8674.0,16.0,1000000.0,350.0,5.0,10.0,10.0,408021.0,10.0,0.0,hdd,mix_vm,4.434884848447987,2770.265254991981
512.0,250.0,1.0,128.0,100000.0,2500.0,1.0,300.0,337.0,16384.0,1600.0,2000000.0,1000000.0,10000.0,16.0,1000000.0,350.0,5.0,10.0,10.0,408021.0,10.0,0.0,hdd,mix_vm,11.27318899652074,2770.847255672306
512.0,250.0,1.0,128.0,100000.0,2500.0,1.0,300.0,133.0,16384.0,1600.0,2000000.0,1000000.0,9817.0,16.0,1000000.0,350.0,5.0,10.0,10.0,408021.0,10.0,0.0,hdd,mix_vm,4.417252381038576,2770.262498321557
512.0,250.0,1.0,128.0,100000.0,2500.0,1.0,300.0,172.0,16384.0,1600.0,2000000.0,1000000.0,8945.0,16.0,1000000.0,350.0,5.0,10.0,10.0,339092.0,10.0,0.0,hdd,mix_vm,5.757236293966479,2770.00427629354
512.0,250.0,1.0,128.0,100000.0,2500.0,1.0,300.0,257.0,16384.0,1600.0,2000000.0,1000000.0,9993.0,16.0,1000000.0,350.0,5.0,10.0,10.0,200818.0,10.0,0.0,hdd,mix_vm,8.583617464845366,2769.8095395077453
512.0,250.0,1.0,128.0,100000.0,2500.0,1.0,300.0,128.0,16384.0,1600.0,2000000.0,1000000.0,9231.0,16.0,1000000.0,350.0,5.0,10.0,10.0,472425.0,10.0,0.0,hdd,mix_vm,4.2882803765143676,2770.176124298998
512.0,250.0,1.0,128.0,100000.0,2500.0,1.0,300.0,0.0,16384.0,1600.0,2000000.0,1000000.0,0.0,16.0,1000000.0,0.0,5.0,10.0,10.0,985277.0,43.0,0.0,hdd,mix_vm,3.485658592970798,3000.0745967355956
512.0,250.0,1.0,128.0,100000.0,2500.0,1.0,300.0,223.0,16384.0,1600.0,2000000.0,1000000.0,8922.0,16.0,1000000.0,350.0,5.0,10.0,10.0,472425.0,10.0,0.0,hdd,mix_vm,7.467213805498714,2770.389078020346
512.0,250.0,1.0,128.0,100000.0,2500.0,1.0,300.0,0.0,16384.0,1600.0,2000000.0,1000000.0,0.0,16.0,1000000.0,0.0,5.0,10.0,10.0,1000000.0,10.0,0.0,hdd,mix_vm,3.4071860494859765,2770.032089699512
512.0,250.0,1.0,128.0,100000.0,2500.0,1.0,300.0,0.0,16384.0,1600.0,2000000.0,1000000.0,0.0,16.0,1000000.0,0.0,5.0,10.0,10.0,747894.0,10.0,0.0,hdd,mix_vm,3.3891069197946857,2770.0887607648
512.0,250.0,1.0,128.0,100000.0,2500.0,1.0,300.0,308.0,16384.0,1600.0,2000000.0,1000000.0,9532.0,16.0,1000000.0,350.0,5.0,10.0,10.0,985277.0,10.0,0.0,hdd,mix_vm,10.230019505771136,2770.488253083252
512.0,250.0,1.0,128.0,100000.0,2500.0,1.0,300.0,223.0,16384.0,1600.0,2000000.0,1000000.0,9986.0,16.0,1000000.0,350.0,5.0,10.0,10.0,401508.0,10.0,0.0,hdd,mix_vm,7.407775453439531,2769.683979714431
512.0,250.0,1.0,128.0,100000.0,2500.0,1.0,300.0,130.0,16384.0,1600.0,2000000.0,1000000.0,9907.0,16.0,1000000.0,350.0,5.0,10.0,10.0,408021.0,10.0,0.0,hdd,mix_vm,4.360977429299262,2770.180710900023
512.0,250.0,1.0,128.0,100000.0,2500.0,1.0,300.0,0.0,16384.0,1600.0,2000000.0,1000000.0,0.0,16.0,1000000.0,0.0,5.0,10.0,10.0,985277.0,10.0,0.0,hdd,mix_vm,3.4796146068542004,2770.218936391808
512.0,250.0,1.0,128.0,100000.0,2500.0,1.0,300.0,128.0,16384.0,1600.0,2000000.0,1000000.0,9232.0,16.0,1000000.0,350.0,5.0,10.0,10.0,433340.0,20.0,0.0,hdd,mix_vm,4.289175897248984,2840.3075770445653
512.0,250.0,1.0,128.0,100000.0,2500.0,1.0,300.0,260.0,16384.0,1600.0,2000000.0,1000000.0,10000.0,16.0,1000000.0,350.0,5.0,10.0,10.0,200818.0,10.0,0.0,hdd,mix_vm,8.687555535848682,2770.022848715578
512.0,250.0,1.0,128.0,100000.0,2500.0,1.0,300.0,257.0,16384.0,1600.0,2000000.0,1000000.0,9970.0,16.0,1000000.0,350.0,5.0,10.0,10.0,200818.0,10.0,0.0,hdd,mix_vm,8.588381124597372,2769.942103011965
512.0,250.0,1.0,128.0,100000.0,2500.0,1.0,300.0,415.0,16384.0,1600.0,2000000.0,1000000.0,10000.0,16.0,1000000.0,350.0,5.0,10.0,10.0,472425.0,41.0,0.0,hdd,mix_vm,13.853313583722572,2986.5084269523013
512.0,250.0,1.0,128.0,100000.0,2500.0,1.0,300.0,172.0,16384.0,1600.0,2000000.0,1000000.0,8960.0,16.0,1000000.0,350.0,5.0,10.0,10.0,309643.0,10.0,0.0,hdd,mix_vm,5.741134005638624,2769.767640088395
512.0,250.0,1.0,128.0,100000.0,2500.0,1.0,300.0,172.0,16384.0,1600.0,2000000.0,1000000.0,8948.0,16.0,1000000.0,350.0,5.0,10.0,10.0,338653.0,10.0,0.0,hdd,mix_vm,5.758001236504557,2770.0151883150847
512.0,250.0,1.0,128.0,100000.0,2500.0,1.0,300.0,257.0,16384.0,1600.0,2000000.0,1000000.0,9998.0,16.0,1000000.0,350.0,5.0,10.0,10.0,200818.0,27.0,0.0,hdd,mix_vm,8.584806629846009,2889.0088068013984
512.0,250.0,1.0,128.0,100000.0,2500.0,1.0,300.0,128.0,16384.0,1600.0,2000000.0,1000000.0,8835.0,16.0,1000000.0,350.0,5.0,10.0,10.0,433340.0,30.0,0.0,hdd,mix_vm,4.290226858858477,2909.583082823578
512.0,250.0,1.0,128.0,100000.0,2500.0,1.0,300.0,172.0,16384.0,1600.0,2000000.0,1000000.0,8924.0,16.0,1000000.0,350.0,5.0,10.0,10.0,339092.0,10.0,0.0,hdd,mix_vm,5.758305107488463,2770.00427629354
512.0,250.0,1.0,128.0,100000.0,2500.0,1.0,300.0,128.0,16384.0,1600.0,2000000.0,1000000.0,8863.0,16.0,1000000.0,350.0,5.0,10.0,10.0,433340.0,12.0,0.0,hdd,mix_vm,4.292571330239887,2783.3310080348083
512.0,250.0,1.0,128.0,100000.0,2500.0,1.0,300.0,0.0,16384.0,1600.0,2000000.0,1000000.0,0.0,16.0,1000000.0,0.0,5.0,10.0,10.0,985277.0,10.0,0.0,hdd,mix_vm,3.4796146068542004,2770.218936391808
512.0,250.0,1.0,128.0,100000.0,2500.0,1.0,300.0,178.0,16384.0,1600.0,2000000.0,1000000.0,8996.0,16.0,1000000.0,350.0,5.0,10.0,10.0,472425.0,10.0,0.0,hdd,mix_vm,5.9523254405253425,2772.0864936743346
512.0,250.0,1.0,128.0,100000.0,2500.0,1.0,300.0,410.0,16384.0,1600.0,2000000.0,1000000.0,9587.0,16.0,1000000.0,350.0,5.0,10.0,10.0,1000000.0,10.0,0.0,hdd,mix_vm,13.741865962921409,2770.1267298424627
512.0,250.0,1.0,128.0,100000.0,2500.0,1.0,300.0,0.0,16384.0,1600.0,2000000.0,1000000.0,0.0,16.0,1000000.0,0.0,5.0,10.0,10.0,747894.0,10.0,0.0,hdd,mix_vm,3.3891069197946857,2770.0887607648
512.0,250.0,1.0,128.0,100000.0,2500.0,1.0,300.0,0.0,16384.0,1600.0,2000000.0,1000000.0,0.0,16.0,1000000.0,0.0,5.0,10.0,10.0,747894.0,16.0,0.0,hdd,mix_vm,3.3905245699857796,2813.1505367420655
512.0,250.0,1.0,128.0,100000.0,2500.0,1.0,300.0,0.0,16384.0,1600.0,2000000.0,1000000.0,0.0,16.0,1000000.0,0.0,5.0,10.0,10.0,747894.0,10.0,0.0,hdd,mix_vm,3.3891069197946857,2770.0887607648
512.0,250.0,1.0,128.0,100000.0,2500.0,1.0,300.0,110.0,16384.0,1600.0,2000000.0,1000000.0,9589.0,16.0,1000000.0,350.0,5.0,10.0,10.0,985277.0,10.0,0.0,hdd,mix_vm,3.6946502557804553,2770.499604678688
2048.0,250.0,1.0,128.0,100000.0,2500.0,1.0,300.0,510.0,4000.0,1600.0,2000000.0,1000000.0,945.0,2.0,1000000.0,100.0,5.0,10.0,10.0,500000.0,10.0,0.0,hdd,mix_vm,24.22317536320989,2770.0710861902326
512.0,250.0,1.0,128.0,100000.0,2500.0,1.0,300.0,128.0,16384.0,1600.0,2000000.0,1000000.0,8762.0,16.0,1000000.0,350.0,5.0,10.0,10.0,472425.0,10.0,0.0,hdd,mix_vm,4.294950016969343,2770.02798121805
512.0,250.0,1.0,128.0,100000.0,2500.0,1.0,300.0,344.0,16384.0,1600.0,2000000.0,1000000.0,9615.0,16.0,1000000.0,350.0,5.0,10.0,10.0,810098.0,10.0,0.0,hdd,mix_vm,11.492866730990514,2769.8682522561126
512.0,250.0,1.0,128.0,100000.0,2500.0,1.0,300.0,0.0,16384.0,1600.0,2000000.0,1000000.0,0.0,16.0,1000000.0,0.0,5.0,10.0,10.0,747894.0,10.0,0.0,hdd,mix_vm,3.3891069197946857,2770.0887607648
512.0,250.0,1.0,128.0,100000.0,2500.0,1.0,300.0,102.0,16384.0,1600.0,2000000.0,1000000.0,8916.0,16.0,1000000.0,350.0,5.0,10.0,10.0,985277.0,10.0,0.0,hdd,mix_vm,3.4263942523443958,2774.0821139586037
512.0,250.0,1.0,128.0,100000.0,2500.0,1.0,300.0,219.0,16384.0,1600.0,2000000.0,1000000.0,9589.0,16.0,1000000.0,350.0,5.0,10.0,10.0,978069.0,10.0,0.0,hdd,mix_vm,7.318632416277931,2768.452687656447
512.0,250.0,1.0,128.0,100000.0,2500.0,1.0,300.0,128.0,16384.0,1600.0,2000000.0,1000000.0,9168.0,16.0,1000000.0,350.0,5.0,10.0,10.0,472425.0,10.0,0.0,hdd,mix_vm,4.291190532184808,2769.928960893298
512.0,250.0,1.0,128.0,100000.0,2500.0,1.0,300.0,0.0,16384.0,1600.0,2000000.0,1000000.0,0.0,16.0,1000000.0,0.0,5.0,10.0,10.0,747894.0,10.0,0.0,hdd,mix_vm,3.3891069197946857,2770.0887607648
512.0,250.0,1.0,128.0,100000.0,2500.0,1.0,300.0,224.0,16384.0,1600.0,2000000.0,1000000.0,9315.0,16.0,1000000.0,350.0,5.0,10.0,10.0,408021.0,10.0,0.0,hdd,mix_vm,7.500136891607305,2769.9469141114105
512.0,250.0,1.0,128.0,100000.0,2500.0,1.0,300.0,258.0,16384.0,1600.0,2000000.0,1000000.0,9937.0,16.0,1000000.0,350.0,5.0,10.0,10.0,200818.0,10.0,0.0,hdd,mix_vm,8.619490421923155,2770.2309189478165
512.0,250.0,1.0,128.0,100000.0,2500.0,1.0,300.0,93.0,16384.0,1600.0,2000000.0,1000000.0,8851.0,16.0,1000000.0,350.0,5.0,10.0,10.0,747894.0,10.0,0.0,hdd,mix_vm,3.1848566386416315,2768.491396577966
512.0,250.0,1.0,128.0,100000.0,2500.0,1.0,300.0,128.0,16384.0,1600.0,2000000.0,1000000.0,9504.0,16.0,1000000.0,350.0,5.0,10.0,10.0,408021.0,10.0,0.0,hdd,mix_vm,4.2895883103934285,2770.0600490565253
512.0,250.0,1.0,128.0,100000.0,2500.0,1.0,300.0,337.0,16384.0,1600.0,2000000.0,1000000.0,10000.0,16.0,1000000.0,350.0,5.0,10.0,10.0,985277.0,10.0,0.0,hdd,mix_vm,11.249853940118879,2770.1300501266232
512.0,250.0,1.0,128.0,100000.0,2500.0,1.0,300.0,128.0,16384.0,1600.0,2000000.0,1000000.0,9842.0,16.0,1000000.0,350.0,5.0,10.0,10.0,408021.0,10.0,0.0,hdd,mix_vm,4.2855981679315605,2769.9304977969327
512.0,250.0,1.0,128.0,100000.0,2500.0,1.0,300.0,257.0,16384.0,1600.0,2000000.0,1000000.0,9999.0,16.0,1000000.0,350.0,5.0,10.0,10.0,200818.0,10.0,0.0,hdd,mix_vm,8.588359075241883,2770.1969669701316
512.0,250.0,1.0,128.0,100000.0,2500.0,1.0,300.0,136.0,16384.0,1600.0,2000000.0,1000000.0,8960.0,16.0,1000000.0,350.0,5.0,10.0,10.0,433340.0,10.0,0.0,hdd,mix_vm,4.5503202096167845,2766.740515126643
512.0,250.0,1.0,128.0,100000.0,2500.0,1.0,300.0,0.0,16384.0,1600.0,2000000.0,1000000.0,0.0,16.0,1000000.0,0.0,5.0,10.0,10.0,747894.0,10.0,0.0,hdd,mix_vm,3.3891069197946857,2770.0887607648
512.0,250.0,1.0,128.0,100000.0,2500.0,1.0,300.0,128.0,16384.0,1600.0,2000000.0,1000000.0,9840.0,16.0,1000000.0,350.0,5.0,10.0,10.0,408021.0,10.0,0.0,hdd,mix_vm,4.2855981679315605,2769.9304977969327
512.0,250.0,1.0,128.0,100000.0,2500.0,1.0,300.0,128.0,16384.0,1600.0,2000000.0,1000000.0,9530.0,16.0,1000000.0,350.0,5.0,10.0,10.0,408021.0,10.0,0.0,hdd,mix_vm,4.2862166290688535,2770.0600490565253
2048.0,250.0,1.0,128.0,100000.0,2500.0,1.0,300.0,410.0,4000.0,1600.0,2000000.0,1000000.0,803.0,2.0,1000000.0,100.0,5.0,10.0,10.0,500000.0,10.0,0.0,hdd,mix_vm,22.168110036300213,2770.0794472756234
2048.0,250.0,1.0,128.0,100000.0,2500.0,1.0,300.0,450.0,4000.0,1600.0,2000000.0,1000000.0,923.0,2.0,1000000.0,100.0,5.0,10.0,10.0,500000.0,10.0,0.0,hdd,mix_vm,22.391432279830585,2770.1542482515615
512.0,250.0,1.0,128.0,100000.0,2500.0,1.0,300.0,128.0,16384.0,1600.0,2000000.0,1000000.0,9150.0,16.0,1000000.0,350.0,5.0,10.0,10.0,472425.0,10.0,0.0,hdd,mix_vm,4.290916198227736,2769.928960893298
512.0,250.0,1.0,128.0,100000.0,2500.0,1.0,300.0,0.0,16384.0,1600.0,2000000.0,1000000.0,0.0,16.0,1000000.0,0.0,5.0,10.0,10.0,524883.0,10.0,0.0,hdd,mix_vm,3.488615350966599,2769.8366634683384
512.0,250.0,1.0,128.0,100000.0,2500.0,1.0,300.0,172.0,16384.0,1600.0,2000000.0,1000000.0,8599.0,16.0,1000000.0,350.0,5.0,10.0,10.0,339092.0,10.0,0.0,hdd,mix_vm,5.757775312718617,2770.097709236327
512.0,250.0,1.0,128.0,100000.0,2500.0,1.0,300.0,0.0,16384.0,1600.0,2000000.0,1000000.0,0.0,16.0,1000000.0,0.0,5.0,10.0,10.0,747894.0,10.0,0.0,hdd,mix_vm,3.3891069197946857,2770.0887607648
2048.0,250.0,1.0,128.0,100000.0,2500.0,1.0,300.0,450.0,4000.0,1600.0,2000000.0,1000000.0,926.0,2.0,1000000.0,100.0,5.0,10.0,10.0,500000.0,10.0,0.0,hdd,mix_vm,22.370313007191935,2770.1542482515615
512.0,250.0,1.0,128.0,100000.0,2500.0,1.0,300.0,0.0,16384.0,1600.0,2000000.0,1000000.0,0.0,16.0,1000000.0,0.0,5.0,10.0,10.0,747894.0,14.0,0.0,hdd,mix_vm,3.3996098535508232,2800.0271287221085
512.0,250.0,1.0,128.0,100000.0,2500.0,1.0,300.0,274.0,16384.0,1600.0,2000000.0,1000000.0,10000.0,16.0,1000000.0,350.0,5.0,10.0,10.0,520577.0,58.0,0.0,hdd,mix_vm,8.055266577837795,2804.9824534694408
512.0,250.0,1.0,128.0,100000.0,2500.0,1.0,300.0,0.0,16384.0,1600.0,2000000.0,1000000.0,0.0,16.0,1000000.0,0.0,5.0,10.0,10.0,1000000.0,10.0,0.0,hdd,mix_vm,3.4071860494859765,2770.032089699512
512.0,250.0,1.0,128.0,100000.0,2500.0,1.0,300.0,257.0,16384.0,1600.0,2000000.0,1000000.0,9999.0,16.0,1000000.0,350.0,5.0,10.0,10.0,200818.0,10.0,0.0,hdd,mix_vm,8.588359075241883,2770.1969669701316
512.0,250.0,1.0,128.0,100000.0,2500.0,1.0,300.0,0.0,16384.0,1600.0,2000000.0,1000000.0,0.0,16.0,1000000.0,0.0,5.0,10.0,10.0,1000000.0,10.0,0.0,hdd,mix_vm,3.4071860494859765,2770.032089699512
512.0,250.0,1.0,128.0,100000.0,2500.0,1.0,300.0,128.0,16384.0,1600.0,2000000.0,1000000.0,9560.0,16.0,1000000.0,350.0,5.0,10.0,10.0,408021.0,10.0,0.0,hdd,mix_vm,4.287646177626407,2770.070806197614
512.0,250.0,1.0,128.0,100000.0,2500.0,1.0,300.0,128.0,16384.0,1600.0,2000000.0,1000000.0,9232.0,16.0,1000000.0,350.0,5.0,10.0,10.0,433340.0,10.0,0.0,hdd,mix_vm,4.289866343584632,2770.334205895928
2048.0,250.0,1.0,128.0,100000.0,2500.0,1.0,300.0,510.0,4000.0,1600.0,2000000.0,1000000.0,974.0,2.0,1000000.0,100.0,5.0,10.0,10.0,500000.0,10.0,0.0,hdd,mix_vm,24.02623193762486,2770.106866767778
2048.0,250.0,1.0,128.0,100000.0,2500.0,1.0,300.0,410.0,4000.0,1600.0,2000000.0,1000000.0,824.0,2.0,1000000.0,100.0,5.0,10.0,10.0,500000.0,10.0,0.0,hdd,mix_vm,21.930783614222296,2770.0794472756234
512.0,250.0,1.0,128.0,100000.0,2500.0,1.0,300.0,459.0,16384.0,1600.0,2000000.0,1000000.0,9920.0,16.0,1000000.0,350.0,5.0,10.0,10.0,871878.0,10.0,0.0,hdd,mix_vm,15.31156757905968,2770.2017449319114
512.0,250.0,1.0,128.0,100000.0,2500.0,1.0,300.0,128.0,16384.0,1600.0,2000000.0,1000000.0,9566.0,16.0,1000000.0,350.0,5.0,10.0,10.0,408021.0,10.0,0.0,hdd,mix_vm,4.293871955920572,2770.0309407339146
512.0,250.0,1.0,128.0,100000.0,2500.0,1.0,300.0,128.0,16384.0,1600.0,2000000.0,1000000.0,8907.0,16.0,1000000.0,350.0,5.0,10.0,10.0,433340.0,42.0,0.0,hdd,mix_vm,4.290596724834855,2994.824578402873
512.0,250.0,1.0,128.0,100000.0,2500.0,1.0,300.0,148.0,16384.0,1600.0,2000000.0,1000000.0,8534.0,16.0,1000000.0,350.0,5.0,10.0,10.0,1000000.0,10.0,0.0,hdd,mix_vm,4.957798807244804,2769.8945697853596
512.0,250.0,1.0,128.0,100000.0,2500.0,1.0,300.0,0.0,16384.0,1600.0,2000000.0,1000000.0,0.0,16.0,1000000.0,0.0,5.0,10.0,10.0,619741.0,10.0,0.0,hdd,mix_vm,3.4592126220530504,2769.38705518546
512.0,250.0,1.0,128.0,100000.0,2500.0,1.0,300.0,130.0,16384.0,1600.0,2000000.0,1000000.0,9902.0,16.0,1000000.0,350.0,5.0,10.0,10.0,408021.0,29.0,0.0,hdd,mix_vm,4.368896991076212,2901.3946265993663
512.0,250.0,1.0,128.0,100000.0,2500.0,1.0,300.0,128.0,16384.0,1600.0,2000000.0,1000000.0,8867.0,16.0,1000000.0,350.0,5.0,10.0,10.0,472425.0,10.0,0.0,hdd,mix_vm,4.2967679624487,2769.9780220534662
512.0,250.0,1.0,128.0,100000.0,2500.0,1.0,300.0,172.0,16384.0,1600.0,2000000.0,1000000.0,8940.0,16.0,1000000.0,350.0,5.0,10.0,10.0,339092.0,10.0,0.0,hdd,mix_vm,5.757236293966479,2770.00427629354
2048.0,250.0,1.0,128.0,100000.0,2500.0,1.0,300.0,410.0,4000.0,1600.0,2000000.0,1000000.0,823.0,2.0,1000000.0,100.0,5.0,10.0,10.0,500000.0,10.0,0.0,hdd,mix_vm,21.97156747134418,2770.0794472756234
512.0,250.0,1.0,128.0,100000.0,2500.0,1.0,300.0,128.0,16384.0,1600.0,2000000.0,1000000.0,9537.0,16.0,1000000.0,350.0,5.0,10.0,10.0,408021.0,10.0,0.0,hdd,mix_vm,4.296713910370368,2770.0925519990783
512.0,250.0,1.0,128.0,100000.0,2500.0,1.0,300.0,0.0,16384.0,1600.0,2000000.0,1000000.0,0.0,16.0,1000000.0,0.0,5.0,10.0,10.0,747894.0,10.0,0.0,hdd,mix_vm,3.3891069197946857,2770.0887607648
512.0,250.0,1.0,128.0,100000.0,2500.0,1.0,300.0,415.0,16384.0,1600.0,2000000.0,1000000.0,10000.0,16.0,1000000.0,350.0,5.0,10.0,10.0,251236.0,10.0,0.0,hdd,mix_vm,13.835483372753435,2769.537941115107
512.0,250.0,1.0,128.0,100000.0,2500.0,1.0,300.0,443.0,16384.0,1600.0,2000000.0,1000000.0,9662.0,16.0,1000000.0,350.0,5.0,10.0,10.0,1000000.0,10.0,0.0,hdd,mix_vm,14.786863160922467,2769.1671403258824
512.0,250.0,1.0,128.0,100000.0,2500.0,1.0,300.0,257.0,16384.0,1600.0,2000000.0,1000000.0,9998.0,16.0,1000000.0,350.0,5.0,10.0,10.0,200818.0,10.0,0.0,hdd,mix_vm,8.588359075241883,2770.2287951201206
512.0,250.0,1.0,128.0,100000.0,2500.0,1.0,300.0,0.0,16384.0,1600.0,2000000.0,1000000.0,0.0,16.0,1000000.0,0.0,5.0,10.0,10.0,1000000.0,10.0,0.0,hdd,mix_vm,3.4071860494859765,2770.032089699512
512.0,250.0,1.0,128.0,100000.0,2500.0,1.0,300.0,172.0,16384.0,1600.0,2000000.0,1000000.0,8960.0,16.0,1000000.0,350.0,5.0,10.0,10.0,339092.0,10.0,0.0,hdd,mix_vm,5.757236293966479,2770.2894729056698
512.0,250.0,1.0,128.0,100000.0,2500.0,1.0,300.0,0.0,16384.0,1600.0,2000000.0,1000000.0,0.0,16.0,1000000.0,0.0,5.0,10.0,10.0,747894.0,10.0,0.0,hdd,mix_vm,3.3891069197946857,2770.0887607648
